{
  "autocorr_decay_len": 28.0,
  "bimodality_ashman_D": 2.781635476469668,
  "dwt_haar_HH_LL_ratio": 0.0,
  "edge_tortuosity_mean": 0.9789534209665962,
  "fft_high_low_ratio": 0.0714246364804175,
  "gabor_f08_anisotropy": 4.546351667126653,
  "glcm_diss_d3_aniso": 0.06331676177701759,
  "glrlm_sre": 0.5343856415558915,
  "glszm_small_area_emphasis": 0.5924756513979426,
  "hemoglobin_od_std": 0.056568016462210644,
  "jpeg_blockiness": 2.068807506561279,
  "lacunarity": 1.6969808239355384,
  "lbp_r1_hist_entropy": 3.2510943066830316,
  "melanin_hemo_slope": 0.0023887445024202984,
  "ngtdm_coarseness": 0.12876609406762352,
  "noise_level": 2.669929265975952,
  "overall_quality": 0.904771276283264,
  "pore_density_r2_mpx": 48637.81952190742,
  "pore_eccentricity_mean": 0.8542079702409852,
  "q_jpeg_blockiness": 2.068807506561279,
  "q_laplacian_var": 448.32598876953125,
  "q_noise_sigma": 2.669929265975952,
  "q_tenengrad": 42.13966751098633,
  "seam_score": 0.030195770279036735,
  "shannon_entropy_q32": 4.7863324402716785,
  "sharpness_score": 448.32598876953125,
  "spectral_slope_beta": 2.3010883888125755,
  "specular_dispersion": 0.0,
  "specular_elongation": 2.263366753861488,
  "specular_sharpness": 0.0,
  "sss_index": -0.20423010779667586,
  "texture_noise_sigma": 2.669929265975952,
  "texture_real_prob": 0.8674522048600933,
  "texture_silicone_prob": 0.13254779513990664,
  "texture_skin_confidence": 0.8674522048600933,
  "texture_unreliable": 0.0,
  "tv_residual_sparsity": 0.8311894469243867,
  "wld_joint_entropy": 6.248191578014628
}