{
  "autocorr_decay_len": 23.0,
  "bimodality_ashman_D": 2.6570773200141966,
  "dwt_haar_HH_LL_ratio": 0.0,
  "dwt_haar_HH_LL_ratio_weight": 0.2,
  "edge_tortuosity_mean": 1.0128736324659924,
  "fft_high_low_ratio": 0.08206994228769741,
  "gabor_f08_anisotropy": 3.7412761360322673,
  "gabor_f08_anisotropy_weight": 0.2,
  "glcm_diss_d3_aniso": 0.056595046261238034,
  "glrlm_sre": 0.4322272545307851,
  "glrlm_sre_weight": 0.2,
  "glszm_small_area_emphasis": 0.4447251707849686,
  "hemoglobin_od_std": 0.1014613649959126,
  "jpeg_blockiness": 1.823509407043457,
  "lacunarity": 2.0580130192352835,
  "lbp_r1_hist_entropy": 3.2517169190520763,
  "lbp_r1_hist_entropy_weight": 0.2,
  "melanin_hemo_slope": -0.16632888876180152,
  "ngtdm_coarseness": 0.2431608880441655,
  "ngtdm_coarseness_weight": 0.2,
  "noise_level": 1.4461981058120728,
  "overall_quality": 0.42184529431206835,
  "pore_density_r2_mpx": 26574.313569438917,
  "pore_eccentricity_mean": 0.8150537126448087,
  "pore_eccentricity_mean_weight": 0.2,
  "q_jpeg_blockiness": 1.823509407043457,
  "q_laplacian_var": 95.88662719726562,
  "q_noise_sigma": 1.4461981058120728,
  "q_tenengrad": 28.87450408935547,
  "seam_score": 0.013400081094409719,
  "shannon_entropy_q32": 4.9189790832598295,
  "shannon_entropy_q32_weight": 0.2,
  "sharpness_score": 95.88662719726562,
  "spectral_slope_beta": 2.8707819578733775,
  "specular_dispersion": 0.0,
  "specular_elongation": 2.343488212117415,
  "specular_elongation_weight": 0.2,
  "specular_sharpness": 0.0,
  "sss_index": -0.13995996070413713,
  "texture_noise_sigma": 1.4461981058120728,
  "texture_unreliable": 0.0,
  "tv_residual_sparsity": 0.7997695703182689,
  "wld_joint_entropy": 6.229359627958275
}