{
  "autocorr_decay_len": 34.0,
  "bimodality_ashman_D": 2.8070103085013947,
  "dwt_haar_HH_LL_ratio": 0.0,
  "edge_tortuosity_mean": 1.0778114919665795,
  "fft_high_low_ratio": 0.04347887668675123,
  "gabor_f08_anisotropy": 2.7598847604256225,
  "glcm_diss_d3_aniso": 0.11562644952136442,
  "glrlm_sre": 0.47704072613546245,
  "glszm_small_area_emphasis": 0.4555938460175411,
  "hemoglobin_od_std": 0.06952788174016768,
  "jpeg_blockiness": 1.9529735565185546,
  "lacunarity": 2.0348915778106447,
  "lbp_r1_hist_entropy": 3.275809462823239,
  "melanin_hemo_slope": 0.2950730632957924,
  "ngtdm_coarseness": 0.168293852569459,
  "noise_level": 1.9703160524368286,
  "overall_quality": 0.5982293898037501,
  "pore_density_r2_mpx": 30279.446457669575,
  "pore_eccentricity_mean": 0.8552279447645138,
  "q_jpeg_blockiness": 1.9529735565185546,
  "q_laplacian_var": 225.0841522216797,
  "q_noise_sigma": 1.9703160524368286,
  "q_tenengrad": 39.21678161621094,
  "seam_score": 0.03413855022384032,
  "shannon_entropy_q32": 4.70696910855846,
  "sharpness_score": 225.0841522216797,
  "spectral_slope_beta": 2.8902060303170316,
  "specular_dispersion": 0.0,
  "specular_elongation": 5.1102035471621905,
  "specular_sharpness": 0.0,
  "sss_index": 0.1426530977328716,
  "texture_noise_sigma": 1.9703160524368286,
  "texture_real_prob": 0.12562056715377934,
  "texture_silicone_prob": 0.8743794328462207,
  "texture_skin_confidence": 0.8743794328462207,
  "texture_unreliable": 0.0,
  "tv_residual_sparsity": 0.8049898731808772,
  "wld_joint_entropy": 6.073584167196427
}