{
  "autocorr_decay_len": 26.0,
  "bimodality_ashman_D": 2.6390796689538742,
  "dwt_haar_HH_LL_ratio": 0.0,
  "dwt_haar_HH_LL_ratio_weight": 0.2,
  "edge_tortuosity_mean": 1.002227732499223,
  "fft_high_low_ratio": 0.08733305417273879,
  "gabor_f08_anisotropy": 3.7765214270157723,
  "gabor_f08_anisotropy_weight": 0.2,
  "glcm_diss_d3_aniso": 0.06874161773262291,
  "glrlm_sre": 0.4610549510551943,
  "glrlm_sre_weight": 0.2,
  "glszm_small_area_emphasis": 0.47275628325577285,
  "hemoglobin_od_std": 0.057074501685171246,
  "jpeg_blockiness": 1.7672943592071533,
  "lacunarity": 2.6342693135599538,
  "lbp_r1_hist_entropy": 3.2662709551346616,
  "lbp_r1_hist_entropy_weight": 0.2,
  "melanin_hemo_slope": 0.5873548042622732,
  "ngtdm_coarseness": 0.2197288681445953,
  "ngtdm_coarseness_weight": 0.2,
  "noise_level": 1.4117028713226318,
  "overall_quality": 0.4430194910049438,
  "pore_density_r2_mpx": 22098.57109736306,
  "pore_eccentricity_mean": 0.8525664669002387,
  "pore_eccentricity_mean_weight": 0.2,
  "q_jpeg_blockiness": 1.7672943592071533,
  "q_laplacian_var": 110.79985809326172,
  "q_noise_sigma": 1.4117028713226318,
  "q_tenengrad": 28.844642639160156,
  "seam_score": 0.026819273227705144,
  "shannon_entropy_q32": 4.856239637569766,
  "shannon_entropy_q32_weight": 0.2,
  "sharpness_score": 110.79985809326172,
  "spectral_slope_beta": 2.569463628665754,
  "specular_dispersion": 0.0,
  "specular_elongation": 4.769674819952618,
  "specular_elongation_weight": 0.2,
  "specular_sharpness": 0.0,
  "sss_index": 0.8304181154625363,
  "texture_noise_sigma": 1.4117028713226318,
  "texture_real_prob": 0.445521372703106,
  "texture_silicone_prob": 0.554478627296894,
  "texture_skin_confidence": 0.554478627296894,
  "texture_unreliable": 0.0,
  "tv_residual_sparsity": 0.8002734965984984,
  "wld_joint_entropy": 6.127432212849594
}