{
  "autocorr_decay_len": 21.0,
  "bimodality_ashman_D": 2.9678120659215184,
  "dwt_haar_HH_LL_ratio": 0.0,
  "dwt_haar_HH_LL_ratio_weight": 0.2,
  "edge_tortuosity_mean": 0.9952798442348552,
  "fft_high_low_ratio": 0.05349216199030169,
  "gabor_f08_anisotropy": 5.146410630213068,
  "gabor_f08_anisotropy_weight": 0.2,
  "glcm_diss_d3_aniso": 0.10008913597814158,
  "glrlm_sre": 0.37598717449933533,
  "glrlm_sre_weight": 0.2,
  "glszm_small_area_emphasis": 0.42522942475109343,
  "hemoglobin_od_std": 0.10657644351768482,
  "jpeg_blockiness": 1.9089056968688964,
  "lacunarity": 2.362383543453281,
  "lbp_r1_hist_entropy": 3.1764135940009095,
  "lbp_r1_hist_entropy_weight": 0.2,
  "melanin_hemo_slope": -1.4759326526240684,
  "ngtdm_coarseness": 0.27255744647874125,
  "ngtdm_coarseness_weight": 0.2,
  "noise_level": 0.9352830052375793,
  "overall_quality": 0.40137471613883974,
  "pore_density_r2_mpx": 23390.03224779594,
  "pore_eccentricity_mean": 0.8322630016971728,
  "pore_eccentricity_mean_weight": 0.2,
  "q_jpeg_blockiness": 1.9089056968688964,
  "q_laplacian_var": 78.13673400878906,
  "q_noise_sigma": 0.9352830052375793,
  "q_tenengrad": 31.721477508544922,
  "seam_score": 0.058995414458269814,
  "shannon_entropy_q32": 4.890918754064548,
  "shannon_entropy_q32_weight": 0.2,
  "sharpness_score": 78.13673400878906,
  "spectral_slope_beta": 2.671615632376475,
  "specular_dispersion": 0.0,
  "specular_elongation": 3.3934455723926886,
  "specular_elongation_weight": 0.2,
  "specular_sharpness": 0.0,
  "sss_index": -0.2078221088145858,
  "texture_noise_sigma": 0.9352830052375793,
  "texture_real_prob": 0.5,
  "texture_silicone_prob": 0.5,
  "texture_skin_confidence": 0.0,
  "texture_unreliable": 0.0,
  "tv_residual_sparsity": 0.7627125970347364,
  "wld_joint_entropy": 5.854403130781789
}