{
  "autocorr_decay_len": 17.0,
  "bimodality_ashman_D": 2.742540479657897,
  "dwt_haar_HH_LL_ratio": 0.0,
  "edge_tortuosity_mean": 1.032463826338441,
  "fft_high_low_ratio": 0.26032677469556587,
  "gabor_f08_anisotropy": 5.878400777939713,
  "glcm_diss_d3_aniso": 0.044038101272843744,
  "glrlm_sre": 0.5926629457696027,
  "glszm_small_area_emphasis": 0.5125277395202251,
  "hemoglobin_od_std": 0.06670961594445152,
  "jpeg_blockiness": 1.5551056385040283,
  "lacunarity": 1.976277586022253,
  "lbp_r1_hist_entropy": 3.266981238899632,
  "melanin_hemo_slope": -0.7844326236217942,
  "ngtdm_coarseness": 0.17774672208308767,
  "noise_level": 1.5680707693099976,
  "overall_quality": 0.5116532074928284,
  "pore_density_r2_mpx": 32296.426112536774,
  "pore_eccentricity_mean": 0.8617990212036484,
  "q_jpeg_blockiness": 1.5551056385040283,
  "q_laplacian_var": 160.7812957763672,
  "q_noise_sigma": 1.5680707693099976,
  "q_tenengrad": 24.462074279785156,
  "seam_score": 0.006186185725558058,
  "shannon_entropy_q32": 4.966594503596982,
  "sharpness_score": 160.7812957763672,
  "spectral_slope_beta": 2.5868184593330117,
  "specular_dispersion": 0.0,
  "specular_elongation": 1.0,
  "specular_sharpness": 0.0,
  "sss_index": 0.3418052285173973,
  "texture_noise_sigma": 1.5680707693099976,
  "texture_unreliable": 0.0,
  "tv_residual_sparsity": 0.8264963614878261,
  "wld_joint_entropy": 6.38138363795292
}