{
  "autocorr_decay_len": 20.0,
  "bimodality_ashman_D": 2.896772392832237,
  "dwt_haar_HH_LL_ratio": 0.0,
  "edge_tortuosity_mean": 0.9831185205273483,
  "fft_high_low_ratio": 0.12475752425785883,
  "gabor_f08_anisotropy": 3.3005757546880528,
  "glcm_diss_d3_aniso": 0.029231830775786047,
  "glrlm_sre": 0.5822193880826139,
  "glszm_small_area_emphasis": 0.5835142275902823,
  "hemoglobin_od_std": 0.09734353169095976,
  "jpeg_blockiness": 1.9138415336608887,
  "lacunarity": 1.6885616056703483,
  "lbp_r1_hist_entropy": 3.2183347005970657,
  "melanin_hemo_slope": 0.2634994080864043,
  "ngtdm_coarseness": 0.12831333208687853,
  "noise_level": 2.9326274394989014,
  "overall_quality": 0.7646973364421299,
  "pore_density_r2_mpx": 48154.62698334483,
  "pore_eccentricity_mean": 0.8550190709220771,
  "q_jpeg_blockiness": 1.9138415336608887,
  "q_laplacian_var": 349.88153076171875,
  "q_noise_sigma": 2.9326274394989014,
  "q_tenengrad": 33.26804733276367,
  "seam_score": 0.010755449453635695,
  "shannon_entropy_q32": 4.972724302951824,
  "sharpness_score": 349.88153076171875,
  "spectral_slope_beta": 2.4357154336397993,
  "specular_dispersion": 0.0,
  "specular_elongation": 1.0,
  "specular_sharpness": 0.0,
  "sss_index": 0.07917160438084163,
  "texture_noise_sigma": 2.9326274394989014,
  "texture_real_prob": 0.9753614463987043,
  "texture_silicone_prob": 0.024638553601295767,
  "texture_skin_confidence": 0.9753614463987043,
  "texture_unreliable": 0.0,
  "tv_residual_sparsity": 0.8408524817751029,
  "wld_joint_entropy": 6.1411761957836895
}