{
  "autocorr_decay_len": 16.0,
  "bimodality_ashman_D": 3.2621258401311386,
  "dwt_haar_HH_LL_ratio": 0.0,
  "dwt_haar_HH_LL_ratio_weight": 0.2,
  "edge_tortuosity_mean": 1.0450828408316282,
  "fft_high_low_ratio": 0.07003630401180802,
  "gabor_f08_anisotropy": 4.104880397497476,
  "gabor_f08_anisotropy_weight": 0.2,
  "glcm_diss_d3_aniso": 0.01819517518674342,
  "glrlm_sre": 0.363158419596035,
  "glrlm_sre_weight": 0.2,
  "glszm_small_area_emphasis": 0.35708325702096805,
  "hemoglobin_od_std": 0.1050201453774156,
  "jpeg_blockiness": 1.9129849433898927,
  "lacunarity": 1.79232655656253,
  "lbp_r1_hist_entropy": 3.155451259997914,
  "lbp_r1_hist_entropy_weight": 0.2,
  "melanin_hemo_slope": 0.1991272240510165,
  "ngtdm_coarseness": 0.2433568608455427,
  "ngtdm_coarseness_weight": 0.2,
  "noise_level": 1.5581556558609009,
  "overall_quality": 0.3865062438011169,
  "pore_density_r2_mpx": 25318.493023486153,
  "pore_eccentricity_mean": 0.8069766313275945,
  "pore_eccentricity_mean_weight": 0.2,
  "q_jpeg_blockiness": 1.9129849433898927,
  "q_laplacian_var": 71.32990264892578,
  "q_noise_sigma": 1.5581556558609009,
  "q_tenengrad": 32.50566101074219,
  "seam_score": 0.015643015288171393,
  "shannon_entropy_q32": 5.006058315743977,
  "shannon_entropy_q32_weight": 0.2,
  "sharpness_score": 71.32990264892578,
  "spectral_slope_beta": 3.3937878338055807,
  "specular_dispersion": 0.0,
  "specular_elongation": 1.0,
  "specular_elongation_weight": 0.2,
  "specular_sharpness": 0.0,
  "sss_index": 0.43138243435168716,
  "texture_noise_sigma": 1.5581556558609009,
  "texture_real_prob": 0.20126876131038152,
  "texture_silicone_prob": 0.7987312386896185,
  "texture_skin_confidence": 0.7987312386896185,
  "texture_unreliable": 0.0,
  "tv_residual_sparsity": 0.7798711744091373,
  "wld_joint_entropy": 6.699231285507434
}