{
  "autocorr_decay_len": 31.0,
  "bimodality_ashman_D": 2.9646948484450006,
  "dwt_haar_HH_LL_ratio": 0.0,
  "dwt_haar_HH_LL_ratio_weight": 0.2,
  "edge_tortuosity_mean": 1.1536370271761496,
  "fft_high_low_ratio": 0.5234828213601158,
  "gabor_f08_anisotropy": 7.615183260378959,
  "gabor_f08_anisotropy_weight": 0.2,
  "glcm_diss_d3_aniso": 0.06531085729520628,
  "glrlm_sre": 0.4409098940544065,
  "glrlm_sre_weight": 0.2,
  "glszm_small_area_emphasis": 0.3582388992359682,
  "hemoglobin_od_std": 0.042683260603275534,
  "jpeg_blockiness": 1.9101094245910644,
  "lacunarity": 1.7501615934342518,
  "lbp_r1_hist_entropy": 3.208693325331276,
  "lbp_r1_hist_entropy_weight": 0.2,
  "melanin_hemo_slope": 0.1392374240455576,
  "ngtdm_coarseness": 0.2608673147853215,
  "ngtdm_coarseness_weight": 0.2,
  "noise_level": 1.1274811029434204,
  "overall_quality": 0.3663605695588248,
  "pore_density_r2_mpx": 28831.839586814523,
  "pore_eccentricity_mean": 0.8358536184213644,
  "pore_eccentricity_mean_weight": 0.2,
  "q_jpeg_blockiness": 1.9101094245910644,
  "q_laplacian_var": 54.30335235595703,
  "q_noise_sigma": 1.1274811029434204,
  "q_tenengrad": 25.69066047668457,
  "seam_score": 0.025751959473519638,
  "shannon_entropy_q32": 4.807578356991632,
  "shannon_entropy_q32_weight": 0.2,
  "sharpness_score": 54.30335235595703,
  "spectral_slope_beta": 2.0129656356228507,
  "specular_dispersion": 0.0,
  "specular_elongation": 2.169486245944244,
  "specular_elongation_weight": 0.2,
  "specular_sharpness": 0.0,
  "sss_index": -0.2270482456373278,
  "texture_noise_sigma": 1.1274811029434204,
  "texture_real_prob": 0.9527114947293839,
  "texture_silicone_prob": 0.047288505270616114,
  "texture_skin_confidence": 0.9527114947293839,
  "texture_unreliable": 0.0,
  "tv_residual_sparsity": 0.7843280430694648,
  "wld_joint_entropy": 6.365449100771096
}