{
  "autocorr_decay_len": 22.0,
  "bimodality_ashman_D": 2.936778614898271,
  "dwt_haar_HH_LL_ratio": 0.0,
  "edge_tortuosity_mean": 1.0431853419071146,
  "fft_high_low_ratio": 0.0924234307094485,
  "gabor_f08_anisotropy": 2.906679973153027,
  "glcm_diss_d3_aniso": 0.030302491004523063,
  "glrlm_sre": 0.4987850290961531,
  "glszm_small_area_emphasis": 0.4925531300693786,
  "hemoglobin_od_std": 0.09097485327413468,
  "jpeg_blockiness": 1.9219018936157226,
  "lacunarity": 1.8010174799891399,
  "lbp_r1_hist_entropy": 3.2892778911213285,
  "melanin_hemo_slope": -1.442557983470927,
  "ngtdm_coarseness": 0.1535552362106663,
  "noise_level": 1.974311351776123,
  "overall_quality": 0.6040227597372873,
  "pore_density_r2_mpx": 39796.33858709895,
  "pore_eccentricity_mean": 0.8270884622826494,
  "q_jpeg_blockiness": 1.9219018936157226,
  "q_laplacian_var": 229.24673461914062,
  "q_noise_sigma": 1.974311351776123,
  "q_tenengrad": 39.09808349609375,
  "seam_score": 0.0020433203756375718,
  "shannon_entropy_q32": 4.923509053567249,
  "sharpness_score": 229.24673461914062,
  "spectral_slope_beta": 2.693753053074248,
  "specular_dispersion": 0.0,
  "specular_elongation": 2.6298424629075394,
  "specular_sharpness": 0.0,
  "sss_index": -0.3514495134354319,
  "texture_noise_sigma": 1.974311351776123,
  "texture_real_prob": 0.8660706649281835,
  "texture_silicone_prob": 0.13392933507181654,
  "texture_skin_confidence": 0.8660706649281835,
  "texture_unreliable": 0.0,
  "tv_residual_sparsity": 0.8070709292522403,
  "wld_joint_entropy": 6.259318042617771
}