{
  "autocorr_decay_len": 23.0,
  "bimodality_ashman_D": 2.514620282130634,
  "dwt_haar_HH_LL_ratio": 0.0,
  "edge_tortuosity_mean": 1.103683715813209,
  "fft_high_low_ratio": 0.16938052443864549,
  "gabor_f08_anisotropy": 1.3203866766266943,
  "glcm_diss_d3_aniso": 0.02379077187643164,
  "glrlm_sre": 0.582862692690021,
  "glszm_small_area_emphasis": 0.44481733981773547,
  "hemoglobin_od_std": 0.049582067260747015,
  "jpeg_blockiness": 1.8466340065002442,
  "lacunarity": 1.6106812349009538,
  "lbp_r1_hist_entropy": 3.2790574882025867,
  "melanin_hemo_slope": 1.2075468849394064,
  "ngtdm_coarseness": 0.15269590124277252,
  "noise_level": 2.0077404975891113,
  "overall_quality": 0.5440700468335833,
  "pore_density_r2_mpx": 32171.74407904296,
  "pore_eccentricity_mean": 0.8293109056087372,
  "q_jpeg_blockiness": 1.8466340065002442,
  "q_laplacian_var": 186.62803649902344,
  "q_noise_sigma": 2.0077404975891113,
  "q_tenengrad": 36.18570327758789,
  "seam_score": 0.0057389451285735,
  "shannon_entropy_q32": 4.805264861235178,
  "sharpness_score": 186.62803649902344,
  "spectral_slope_beta": 2.164921335341529,
  "specular_dispersion": 0.0,
  "specular_elongation": 2.5737301811914652,
  "specular_sharpness": 0.0,
  "sss_index": 0.37285948443543326,
  "texture_noise_sigma": 2.0077404975891113,
  "texture_real_prob": 0.9907407505253651,
  "texture_silicone_prob": 0.009259249474634806,
  "texture_skin_confidence": 0.9907407505253651,
  "texture_unreliable": 0.0,
  "tv_residual_sparsity": 0.8066028712842074,
  "wld_joint_entropy": 6.573467447411766
}