{
  "autocorr_decay_len": 20.0,
  "bimodality_ashman_D": 3.142819859079523,
  "dwt_haar_HH_LL_ratio": 0.0,
  "dwt_haar_HH_LL_ratio_weight": 0.2,
  "edge_tortuosity_mean": 0.9983611310011313,
  "fft_high_low_ratio": 0.04318497441382256,
  "gabor_f08_anisotropy": 5.264045126046354,
  "gabor_f08_anisotropy_weight": 0.2,
  "glcm_diss_d3_aniso": 0.1355497042383372,
  "glrlm_sre": 0.34453786547053544,
  "glrlm_sre_weight": 0.2,
  "glszm_small_area_emphasis": 0.3995496455175363,
  "hemoglobin_od_std": 0.07639808966810896,
  "jpeg_blockiness": 1.7746113300323487,
  "lacunarity": 1.8765636122113567,
  "lbp_r1_hist_entropy": 3.142880080065562,
  "lbp_r1_hist_entropy_weight": 0.2,
  "melanin_hemo_slope": 0.06937131418477376,
  "ngtdm_coarseness": 0.26330389360397866,
  "ngtdm_coarseness_weight": 0.2,
  "noise_level": 1.0550801753997803,
  "overall_quality": 0.4004636455808367,
  "pore_density_r2_mpx": 24200.45688178184,
  "pore_eccentricity_mean": 0.8196939219229553,
  "pore_eccentricity_mean_weight": 0.2,
  "q_jpeg_blockiness": 1.7746113300323487,
  "q_laplacian_var": 78.21942138671875,
  "q_noise_sigma": 1.0550801753997803,
  "q_tenengrad": 32.3248176574707,
  "seam_score": 0.035812773472228186,
  "shannon_entropy_q32": 4.9706235666975775,
  "shannon_entropy_q32_weight": 0.2,
  "sharpness_score": 78.21942138671875,
  "spectral_slope_beta": 3.5419321368744847,
  "specular_dispersion": 0.0,
  "specular_elongation": 1.0,
  "specular_elongation_weight": 0.2,
  "specular_sharpness": 0.0,
  "sss_index": 0.13258792084961823,
  "texture_noise_sigma": 1.0550801753997803,
  "texture_unreliable": 0.0,
  "tv_residual_sparsity": 0.7639589993226402,
  "wld_joint_entropy": 6.217253102343558
}