{
  "autocorr_decay_len": 20.0,
  "bimodality_ashman_D": 4.291715188647892,
  "dwt_haar_HH_LL_ratio": 0.0005067000246194436,
  "dwt_haar_HH_LL_ratio_weight": 0.2,
  "edge_tortuosity_mean": 1.0078733271619515,
  "fft_high_low_ratio": 0.12565511148899206,
  "gabor_f08_anisotropy": 3.0549526967907257,
  "gabor_f08_anisotropy_weight": 0.2,
  "glcm_diss_d3_aniso": 0.035163023227878766,
  "glrlm_sre": 0.3758444640989823,
  "glrlm_sre_weight": 0.2,
  "glszm_small_area_emphasis": 0.4971124884612797,
  "hemoglobin_od_std": 0.06961138950985446,
  "jpeg_blockiness": 1.5184528350830078,
  "lacunarity": 2.1976556212696385,
  "lbp_r1_hist_entropy": 3.259007606695233,
  "lbp_r1_hist_entropy_weight": 0.2,
  "melanin_hemo_slope": -2.168968596711812,
  "ngtdm_coarseness": 0.33675126225249896,
  "ngtdm_coarseness_weight": 0.2,
  "noise_level": 0.8116839528083801,
  "overall_quality": 0.34822913094248087,
  "pore_density_r2_mpx": 28830.483482939704,
  "pore_eccentricity_mean": 0.838222187667745,
  "pore_eccentricity_mean_weight": 0.2,
  "q_jpeg_blockiness": 1.5184528350830078,
  "q_laplacian_var": 39.41887283325195,
  "q_noise_sigma": 0.8116839528083801,
  "q_tenengrad": 18.8219051361084,
  "seam_score": 0.0828714961672408,
  "shannon_entropy_q32": 4.94193340972922,
  "shannon_entropy_q32_weight": 0.2,
  "sharpness_score": 39.41887283325195,
  "spectral_slope_beta": 2.7626096249145036,
  "specular_dispersion": 0.0,
  "specular_elongation": 1.0,
  "specular_elongation_weight": 0.2,
  "specular_sharpness": 0.0,
  "sss_index": -0.2846017932570646,
  "texture_noise_sigma": 0.8116839528083801,
  "texture_real_prob": 0.5,
  "texture_silicone_prob": 0.5,
  "texture_skin_confidence": 0.0,
  "texture_unreliable": 0.0,
  "tv_residual_sparsity": 0.793198016572231,
  "wld_joint_entropy": 5.385282200460802
}