{
  "autocorr_decay_len": 31.0,
  "bimodality_ashman_D": 2.915717097224521,
  "dwt_haar_HH_LL_ratio": 0.00045014404954663137,
  "dwt_haar_HH_LL_ratio_weight": 0.2,
  "edge_tortuosity_mean": 1.03117906826054,
  "fft_high_low_ratio": 0.03861621770726123,
  "gabor_f08_anisotropy": 2.3076355449846067,
  "gabor_f08_anisotropy_weight": 0.2,
  "glcm_diss_d3_aniso": 0.03540574034748582,
  "glrlm_sre": 0.3400965827689964,
  "glrlm_sre_weight": 0.2,
  "glszm_small_area_emphasis": 0.34788365022244083,
  "hemoglobin_od_std": 0.11489484627213635,
  "jpeg_blockiness": 1.6601396083831788,
  "lacunarity": 2.570525390263035,
  "lbp_r1_hist_entropy": 3.1241309704811435,
  "lbp_r1_hist_entropy_weight": 0.2,
  "melanin_hemo_slope": -0.9653275788223726,
  "ngtdm_coarseness": 0.350879798068438,
  "ngtdm_coarseness_weight": 0.2,
  "noise_level": 0.828882098197937,
  "overall_quality": 0.3467052061217172,
  "pore_density_r2_mpx": 18629.751290473956,
  "pore_eccentricity_mean": 0.8127913720424303,
  "pore_eccentricity_mean_weight": 0.2,
  "q_jpeg_blockiness": 1.6601396083831788,
  "q_laplacian_var": 38.43564987182617,
  "q_noise_sigma": 0.828882098197937,
  "q_tenengrad": 24.736391067504883,
  "seam_score": 0.039091847532522254,
  "shannon_entropy_q32": 4.753048797762555,
  "shannon_entropy_q32_weight": 0.2,
  "sharpness_score": 38.43564987182617,
  "spectral_slope_beta": 3.1868790155451476,
  "specular_dispersion": 0.0,
  "specular_elongation": 2.9905634003424,
  "specular_elongation_weight": 0.2,
  "specular_sharpness": 0.0,
  "sss_index": -0.35465550696667714,
  "texture_noise_sigma": 0.828882098197937,
  "texture_real_prob": 0.018641449988379688,
  "texture_silicone_prob": 0.9813585500116203,
  "texture_skin_confidence": 0.9813585500116203,
  "texture_unreliable": 0.0,
  "tv_residual_sparsity": 0.7661086294226949,
  "wld_joint_entropy": 6.138731243998564
}