{
  "autocorr_decay_len": 18.0,
  "bimodality_ashman_D": 2.520015917437163,
  "dwt_haar_HH_LL_ratio": 0.0,
  "dwt_haar_HH_LL_ratio_weight": 0.2,
  "edge_tortuosity_mean": 0.9550786639532278,
  "fft_high_low_ratio": 0.10727138285324675,
  "gabor_f08_anisotropy": 4.937611674280195,
  "gabor_f08_anisotropy_weight": 0.2,
  "glcm_diss_d3_aniso": 0.13757248483152815,
  "glrlm_sre": 0.4193963154765608,
  "glrlm_sre_weight": 0.2,
  "glszm_small_area_emphasis": 0.47227188591003283,
  "hemoglobin_od_std": 0.061400088406244085,
  "jpeg_blockiness": 1.6945169925689698,
  "lacunarity": 2.4706084316332353,
  "lbp_r1_hist_entropy": 3.2391448110913803,
  "lbp_r1_hist_entropy_weight": 0.2,
  "melanin_hemo_slope": 0.6024577744571341,
  "ngtdm_coarseness": 0.22669729751432602,
  "ngtdm_coarseness_weight": 0.2,
  "noise_level": 1.078141450881958,
  "overall_quality": 0.43506450960976734,
  "pore_density_r2_mpx": 22087.84066112633,
  "pore_eccentricity_mean": 0.8638118194218367,
  "pore_eccentricity_mean_weight": 0.2,
  "q_jpeg_blockiness": 1.6945169925689698,
  "q_laplacian_var": 103.07551574707031,
  "q_noise_sigma": 1.078141450881958,
  "q_tenengrad": 26.34449005126953,
  "seam_score": 0.03596682072863342,
  "shannon_entropy_q32": 4.858060960152826,
  "shannon_entropy_q32_weight": 0.2,
  "sharpness_score": 103.07551574707031,
  "spectral_slope_beta": 2.8832913938089106,
  "specular_dispersion": 0.0,
  "specular_elongation": 1.0,
  "specular_elongation_weight": 0.2,
  "specular_sharpness": 0.0,
  "sss_index": 0.008489795027440425,
  "texture_noise_sigma": 1.078141450881958,
  "texture_real_prob": 0.5,
  "texture_silicone_prob": 0.5,
  "texture_skin_confidence": 0.0,
  "texture_unreliable": 0.0,
  "tv_residual_sparsity": 0.7869217944302329,
  "wld_joint_entropy": 5.916658556665215
}