{
  "autocorr_decay_len": 15.0,
  "bimodality_ashman_D": 3.771105314682129,
  "dwt_haar_HH_LL_ratio": 0.0,
  "dwt_haar_HH_LL_ratio_weight": 0.2,
  "edge_tortuosity_mean": 0.964555706461262,
  "fft_high_low_ratio": 0.054816011805407454,
  "gabor_f08_anisotropy": 5.449354794158256,
  "gabor_f08_anisotropy_weight": 0.2,
  "glcm_diss_d3_aniso": 0.05527843413377597,
  "glrlm_sre": 0.3666998289740207,
  "glrlm_sre_weight": 0.2,
  "glszm_small_area_emphasis": 0.4275291739429449,
  "hemoglobin_od_std": 0.1347382843118116,
  "jpeg_blockiness": 1.870249080657959,
  "lacunarity": 2.279139752292908,
  "lbp_r1_hist_entropy": 3.1970862016226773,
  "lbp_r1_hist_entropy_weight": 0.2,
  "melanin_hemo_slope": 0.6234957982603448,
  "ngtdm_coarseness": 0.21897487161831916,
  "ngtdm_coarseness_weight": 0.2,
  "noise_level": 1.3429009914398193,
  "overall_quality": 0.457283820097787,
  "pore_density_r2_mpx": 22755.27043674314,
  "pore_eccentricity_mean": 0.8472934728482854,
  "pore_eccentricity_mean_weight": 0.2,
  "q_jpeg_blockiness": 1.870249080657959,
  "q_laplacian_var": 120.56742858886719,
  "q_noise_sigma": 1.3429009914398193,
  "q_tenengrad": 36.19184494018555,
  "seam_score": 0.0030097021868795318,
  "shannon_entropy_q32": 4.938619949484752,
  "shannon_entropy_q32_weight": 0.2,
  "sharpness_score": 120.56742858886719,
  "spectral_slope_beta": 3.3938076703175875,
  "specular_dispersion": 0.0,
  "specular_elongation": 2.6905243995695405,
  "specular_elongation_weight": 0.2,
  "specular_sharpness": 0.0,
  "sss_index": 1.0,
  "texture_noise_sigma": 1.3429009914398193,
  "texture_real_prob": 0.03918817197394642,
  "texture_silicone_prob": 0.9608118280260536,
  "texture_skin_confidence": 0.9608118280260536,
  "texture_unreliable": 0.0,
  "tv_residual_sparsity": 0.7751313863658025,
  "wld_joint_entropy": 5.943882280034986
}