{
  "autocorr_decay_len": 27.0,
  "bimodality_ashman_D": 2.71871186963404,
  "dwt_haar_HH_LL_ratio": 0.0,
  "edge_tortuosity_mean": 1.0792935292127879,
  "fft_high_low_ratio": 0.1225814947111761,
  "gabor_f08_anisotropy": 2.7401536730536247,
  "glcm_diss_d3_aniso": 0.05224598055656318,
  "glrlm_sre": 0.5508261876742926,
  "glszm_small_area_emphasis": 0.4530537709642106,
  "hemoglobin_od_std": 0.08093771831288704,
  "jpeg_blockiness": 1.9281245231628419,
  "lacunarity": 1.9131125534776254,
  "lbp_r1_hist_entropy": 3.2838858516652176,
  "melanin_hemo_slope": -0.7370269236652119,
  "ngtdm_coarseness": 0.15994161419800676,
  "noise_level": 2.0582783222198486,
  "overall_quality": 0.5269252413340977,
  "pore_density_r2_mpx": 35470.668485675305,
  "pore_eccentricity_mean": 0.811309454655943,
  "q_jpeg_blockiness": 1.9281245231628419,
  "q_laplacian_var": 174.691162109375,
  "q_noise_sigma": 2.0582783222198486,
  "q_tenengrad": 36.71712875366211,
  "seam_score": 0.028000786737372583,
  "shannon_entropy_q32": 4.907627014228632,
  "sharpness_score": 174.691162109375,
  "spectral_slope_beta": 2.649992905595227,
  "specular_dispersion": 0.0,
  "specular_elongation": 1.7658890879334914,
  "specular_sharpness": 0.0,
  "sss_index": -0.23504972186270764,
  "texture_noise_sigma": 2.0582783222198486,
  "texture_real_prob": 0.9337062336785283,
  "texture_silicone_prob": 0.0662937663214717,
  "texture_skin_confidence": 0.9337062336785283,
  "texture_unreliable": 0.0,
  "tv_residual_sparsity": 0.8068742548945911,
  "wld_joint_entropy": 6.413565959887319
}