{
  "autocorr_decay_len": 14.0,
  "bimodality_ashman_D": 4.297514828897687,
  "dwt_haar_HH_LL_ratio": 0.0,
  "edge_tortuosity_mean": 0.9855090446925738,
  "fft_high_low_ratio": 0.19652042344752402,
  "gabor_f08_anisotropy": 5.225171135159931,
  "glcm_diss_d3_aniso": 0.09146976509714974,
  "glrlm_sre": 0.5235644459340422,
  "glszm_small_area_emphasis": 0.48307226251880203,
  "hemoglobin_od_std": 0.06361114045951627,
  "jpeg_blockiness": 2.041958522796631,
  "lacunarity": 4.062885644946872,
  "lbp_r1_hist_entropy": 3.2707300560899535,
  "melanin_hemo_slope": -1.72709296562408,
  "ngtdm_coarseness": 0.16388685361233085,
  "noise_level": 2.062915086746216,
  "overall_quality": 0.9072761958803449,
  "pore_density_r2_mpx": 12674.47657028913,
  "pore_eccentricity_mean": 0.8535653552902871,
  "q_jpeg_blockiness": 2.041958522796631,
  "q_laplacian_var": 446.3988037109375,
  "q_noise_sigma": 2.062915086746216,
  "q_tenengrad": 38.82328414916992,
  "seam_score": 0.006321086072798961,
  "shannon_entropy_q32": 4.6726381100761945,
  "sharpness_score": 446.3988037109375,
  "spectral_slope_beta": 2.678515662774298,
  "specular_dispersion": 0.0,
  "specular_elongation": 2.83422342321886,
  "specular_sharpness": 0.0,
  "sss_index": 0.3739578178392034,
  "texture_noise_sigma": 2.062915086746216,
  "texture_real_prob": 0.8276481026524957,
  "texture_silicone_prob": 0.1723518973475043,
  "texture_skin_confidence": 0.8276481026524957,
  "texture_unreliable": 0.0,
  "tv_residual_sparsity": 0.7958198494313812,
  "wld_joint_entropy": 6.01279356006974
}