{
  "autocorr_decay_len": 25.0,
  "bimodality_ashman_D": 3.1033119856077938,
  "dwt_haar_HH_LL_ratio": 0.0,
  "dwt_haar_HH_LL_ratio_weight": 0.2,
  "edge_tortuosity_mean": 1.0310818502716492,
  "fft_high_low_ratio": 0.027449148004025058,
  "gabor_f08_anisotropy": 4.303355310660991,
  "gabor_f08_anisotropy_weight": 0.2,
  "glcm_diss_d3_aniso": 0.03525739916165553,
  "glrlm_sre": 0.38458759876788273,
  "glrlm_sre_weight": 0.2,
  "glszm_small_area_emphasis": 0.4085110164462265,
  "hemoglobin_od_std": 0.09958689231833003,
  "jpeg_blockiness": 1.9506075859069825,
  "lacunarity": 1.7985747646423933,
  "lbp_r1_hist_entropy": 3.2146196174959534,
  "lbp_r1_hist_entropy_weight": 0.2,
  "melanin_hemo_slope": 0.7626497701721876,
  "ngtdm_coarseness": 0.22346819626187903,
  "ngtdm_coarseness_weight": 0.2,
  "noise_level": 1.2919009923934937,
  "overall_quality": 0.4437381489208766,
  "pore_density_r2_mpx": 26145.19537265857,
  "pore_eccentricity_mean": 0.8222401295287995,
  "pore_eccentricity_mean_weight": 0.2,
  "q_jpeg_blockiness": 1.9506075859069825,
  "q_laplacian_var": 110.57970428466797,
  "q_noise_sigma": 1.2919009923934937,
  "q_tenengrad": 35.287906646728516,
  "seam_score": 0.03244182962354296,
  "shannon_entropy_q32": 4.742085415761428,
  "shannon_entropy_q32_weight": 0.2,
  "sharpness_score": 110.57970428466797,
  "spectral_slope_beta": 3.2531219516145797,
  "specular_dispersion": 0.0,
  "specular_elongation": 2.6076717648366006,
  "specular_elongation_weight": 0.2,
  "specular_sharpness": 0.0,
  "sss_index": 0.151696639488633,
  "texture_noise_sigma": 1.2919009923934937,
  "texture_real_prob": 0.09133892142595079,
  "texture_silicone_prob": 0.9086610785740492,
  "texture_skin_confidence": 0.9086610785740492,
  "texture_unreliable": 0.0,
  "tv_residual_sparsity": 0.7794273896282777,
  "wld_joint_entropy": 6.41543783996029
}