{
  "autocorr_decay_len": 19.0,
  "bimodality_ashman_D": 3.309167801521315,
  "dwt_haar_HH_LL_ratio": 0.0,
  "dwt_haar_HH_LL_ratio_weight": 0.2,
  "edge_tortuosity_mean": 0.9924618609703532,
  "fft_high_low_ratio": 0.04522388826758343,
  "gabor_f08_anisotropy": 5.995272271646141,
  "gabor_f08_anisotropy_weight": 0.2,
  "glcm_diss_d3_aniso": 0.11697032414956934,
  "glrlm_sre": 0.3437116419724714,
  "glrlm_sre_weight": 0.2,
  "glszm_small_area_emphasis": 0.41717001465296977,
  "hemoglobin_od_std": 0.09254545989529701,
  "jpeg_blockiness": 1.6388453006744386,
  "lacunarity": 1.9029138794929654,
  "lbp_r1_hist_entropy": 3.2183809137706016,
  "lbp_r1_hist_entropy_weight": 0.2,
  "melanin_hemo_slope": -1.486695007059323,
  "ngtdm_coarseness": 0.26148722497529764,
  "ngtdm_coarseness_weight": 0.2,
  "noise_level": 1.118481159210205,
  "overall_quality": 0.3961490034375872,
  "pore_density_r2_mpx": 26980.307879184285,
  "pore_eccentricity_mean": 0.8375328683848569,
  "pore_eccentricity_mean_weight": 0.2,
  "q_jpeg_blockiness": 1.6388453006744386,
  "q_laplacian_var": 75.52570343017578,
  "q_noise_sigma": 1.118481159210205,
  "q_tenengrad": 29.82014274597168,
  "seam_score": 0.01767258090492299,
  "shannon_entropy_q32": 5.079002050574873,
  "shannon_entropy_q32_weight": 0.2,
  "sharpness_score": 75.52570343017578,
  "spectral_slope_beta": 3.4396995142268953,
  "specular_dispersion": 0.0,
  "specular_elongation": 1.0,
  "specular_elongation_weight": 0.2,
  "specular_sharpness": 0.0,
  "sss_index": 0.10392919558161197,
  "texture_noise_sigma": 1.118481159210205,
  "texture_real_prob": 0.026273375595615156,
  "texture_silicone_prob": 0.9737266244043848,
  "texture_skin_confidence": 0.9737266244043848,
  "texture_unreliable": 0.0,
  "tv_residual_sparsity": 0.7817852873538227,
  "wld_joint_entropy": 5.832598607997848
}