{
  "autocorr_decay_len": 16.0,
  "bimodality_ashman_D": 4.669630266215619,
  "dwt_haar_HH_LL_ratio": 0.0,
  "dwt_haar_HH_LL_ratio_weight": 0.2,
  "edge_tortuosity_mean": 1.0002607722601546,
  "fft_high_low_ratio": 0.050732042118859205,
  "gabor_f08_anisotropy": 6.103688415289494,
  "gabor_f08_anisotropy_weight": 0.2,
  "glcm_diss_d3_aniso": 0.11178762770033461,
  "glrlm_sre": 0.224272092646182,
  "glrlm_sre_weight": 0.2,
  "glszm_small_area_emphasis": 0.3142983666940453,
  "hemoglobin_od_std": 0.13419906301018353,
  "jpeg_blockiness": 1.667098093032837,
  "lacunarity": 2.2907758060541257,
  "lbp_r1_hist_entropy": 2.951097408624746,
  "lbp_r1_hist_entropy_weight": 0.2,
  "melanin_hemo_slope": -0.514874467885531,
  "ngtdm_coarseness": 0.5165205958576872,
  "ngtdm_coarseness_weight": 0.2,
  "noise_level": 0.49725472927093506,
  "overall_quality": 0.32392333487101965,
  "pore_density_r2_mpx": 15286.150701002427,
  "pore_eccentricity_mean": 0.8365858654124781,
  "pore_eccentricity_mean_weight": 0.2,
  "q_jpeg_blockiness": 1.667098093032837,
  "q_laplacian_var": 20.13251304626465,
  "q_noise_sigma": 0.49725472927093506,
  "q_tenengrad": 23.88155746459961,
  "seam_score": 0.04404876376876604,
  "shannon_entropy_q32": 4.889356049972024,
  "shannon_entropy_q32_weight": 0.2,
  "sharpness_score": 20.13251304626465,
  "spectral_slope_beta": 3.698452456144005,
  "specular_dispersion": 0.0,
  "specular_elongation": 4.026388649790929,
  "specular_elongation_weight": 0.2,
  "specular_sharpness": 0.0,
  "sss_index": 0.18749606484693157,
  "texture_noise_sigma": 0.49725472927093506,
  "texture_real_prob": 0.006689981102459885,
  "texture_silicone_prob": 0.9933100188975401,
  "texture_skin_confidence": 0.9933100188975401,
  "texture_unreliable": 1.0,
  "tv_residual_sparsity": 0.7371436963789233,
  "wld_joint_entropy": 5.726438471725614
}