{
  "autocorr_decay_len": 17.0,
  "bimodality_ashman_D": 2.2610088502877836,
  "dwt_haar_HH_LL_ratio": 0.0010786810567588068,
  "dwt_haar_HH_LL_ratio_weight": 0.2,
  "edge_tortuosity_mean": 1.1144398354834322,
  "fft_high_low_ratio": 0.19480715811543278,
  "gabor_f08_anisotropy": 0.365652912946178,
  "gabor_f08_anisotropy_weight": 0.2,
  "glcm_diss_d3_aniso": 0.012810259071853935,
  "glrlm_sre": 0.5037839053757064,
  "glrlm_sre_weight": 0.2,
  "glszm_small_area_emphasis": 0.4488280098419926,
  "hemoglobin_od_std": 0.05356010711733493,
  "jpeg_blockiness": 1.8816339492797851,
  "lacunarity": 1.7342912489042965,
  "lbp_r1_hist_entropy": 3.2688469645338554,
  "lbp_r1_hist_entropy_weight": 0.2,
  "melanin_hemo_slope": 2.689084500470065,
  "ngtdm_coarseness": 0.17704132445037898,
  "ngtdm_coarseness_weight": 0.2,
  "noise_level": 1.7939952611923218,
  "overall_quality": 0.4702823460033962,
  "pore_density_r2_mpx": 35150.6284179219,
  "pore_eccentricity_mean": 0.8175214758443307,
  "pore_eccentricity_mean_weight": 0.2,
  "q_jpeg_blockiness": 1.8816339492797851,
  "q_laplacian_var": 132.6138916015625,
  "q_noise_sigma": 1.7939952611923218,
  "q_tenengrad": 34.95270919799805,
  "seam_score": 0.006326913586882238,
  "shannon_entropy_q32": 4.636330100466051,
  "shannon_entropy_q32_weight": 0.2,
  "sharpness_score": 132.6138916015625,
  "spectral_slope_beta": 2.521725859000816,
  "specular_dispersion": 0.0,
  "specular_elongation": 1.8249831282565838,
  "specular_elongation_weight": 0.2,
  "specular_sharpness": 0.0,
  "sss_index": 0.37492869637132836,
  "texture_noise_sigma": 1.7939952611923218,
  "texture_real_prob": 0.9837996733759141,
  "texture_silicone_prob": 0.016200326624085864,
  "texture_skin_confidence": 0.9837996733759141,
  "texture_unreliable": 0.0,
  "tv_residual_sparsity": 0.7978813805173613,
  "wld_joint_entropy": 6.427364809792174
}