{
  "autocorr_decay_len": 21.0,
  "bimodality_ashman_D": 2.841699397383162,
  "dwt_haar_HH_LL_ratio": 0.000978733707791808,
  "dwt_haar_HH_LL_ratio_weight": 0.2,
  "edge_tortuosity_mean": 1.009988027502504,
  "fft_high_low_ratio": 0.09967891340485208,
  "gabor_f08_anisotropy": 2.528154319855434,
  "gabor_f08_anisotropy_weight": 0.2,
  "glcm_diss_d3_aniso": 0.03347805213567921,
  "glrlm_sre": 0.44916604847698416,
  "glrlm_sre_weight": 0.2,
  "glszm_small_area_emphasis": 0.4342665746879638,
  "hemoglobin_od_std": 0.16664440153397306,
  "jpeg_blockiness": 1.8648792266845704,
  "lacunarity": 1.9476012572382007,
  "lbp_r1_hist_entropy": 3.2531306041487293,
  "lbp_r1_hist_entropy_weight": 0.2,
  "melanin_hemo_slope": -2.5769018028715283,
  "ngtdm_coarseness": 0.2066546751242305,
  "ngtdm_coarseness_weight": 0.2,
  "noise_level": 1.4378490447998047,
  "overall_quality": 0.4702757962908063,
  "pore_density_r2_mpx": 27562.283191422266,
  "pore_eccentricity_mean": 0.8252464163564799,
  "pore_eccentricity_mean_weight": 0.2,
  "q_jpeg_blockiness": 1.8648792266845704,
  "q_laplacian_var": 130.42872619628906,
  "q_noise_sigma": 1.4378490447998047,
  "q_tenengrad": 34.62505340576172,
  "seam_score": 0.02406744813377698,
  "shannon_entropy_q32": 4.92008315847576,
  "shannon_entropy_q32_weight": 0.2,
  "sharpness_score": 130.42872619628906,
  "spectral_slope_beta": 2.8874322010941196,
  "specular_dispersion": 0.0,
  "specular_elongation": 2.7311233234812193,
  "specular_elongation_weight": 0.2,
  "specular_sharpness": 0.0,
  "sss_index": 0.36636381926793393,
  "texture_noise_sigma": 1.4378490447998047,
  "texture_real_prob": 0.6724937345235987,
  "texture_silicone_prob": 0.32750626547640127,
  "texture_skin_confidence": 0.6724937345235987,
  "texture_unreliable": 0.0,
  "tv_residual_sparsity": 0.7944663399609155,
  "wld_joint_entropy": 6.417374877585913
}