{
  "autocorr_decay_len": 22.0,
  "bimodality_ashman_D": 2.4294822226363113,
  "dwt_haar_HH_LL_ratio": 0.0,
  "edge_tortuosity_mean": 1.040651503478542,
  "fft_high_low_ratio": 0.1425299047148412,
  "gabor_f08_anisotropy": 4.427444655858792,
  "glcm_diss_d3_aniso": 0.062331310049580674,
  "glrlm_sre": 0.6200620704143158,
  "glszm_small_area_emphasis": 0.5428663900202344,
  "hemoglobin_od_std": 0.06847942480218785,
  "jpeg_blockiness": 1.995660400390625,
  "lacunarity": 2.023227362407586,
  "lbp_r1_hist_entropy": 3.231954954080095,
  "melanin_hemo_slope": -0.9992010692395789,
  "ngtdm_coarseness": 0.1274745528026168,
  "noise_level": 2.685575485229492,
  "overall_quality": 0.7485811294555663,
  "pore_density_r2_mpx": 42621.35071890681,
  "pore_eccentricity_mean": 0.8436132726380466,
  "q_jpeg_blockiness": 1.995660400390625,
  "q_laplacian_var": 336.8573913574219,
  "q_noise_sigma": 2.685575485229492,
  "q_tenengrad": 35.20320510864258,
  "seam_score": 0.005454678515793287,
  "shannon_entropy_q32": 4.797271668124798,
  "sharpness_score": 336.8573913574219,
  "spectral_slope_beta": 2.189773507773828,
  "specular_dispersion": 0.0,
  "specular_elongation": 1.1174178350936987,
  "specular_sharpness": 0.0,
  "sss_index": -0.17429042201304878,
  "texture_noise_sigma": 2.685575485229492,
  "texture_real_prob": 0.9888712726052399,
  "texture_silicone_prob": 0.011128727394760141,
  "texture_skin_confidence": 0.9888712726052399,
  "texture_unreliable": 0.0,
  "tv_residual_sparsity": 0.840343413293486,
  "wld_joint_entropy": 6.418056419166262
}