{
  "autocorr_decay_len": 27.0,
  "bimodality_ashman_D": 2.804447139053664,
  "dwt_haar_HH_LL_ratio": 0.0,
  "edge_tortuosity_mean": 0.9604862384996585,
  "fft_high_low_ratio": 0.07034664018828107,
  "gabor_f08_anisotropy": 4.00475789907707,
  "glcm_diss_d3_aniso": 0.10909795550842925,
  "glrlm_sre": 0.4281730115689669,
  "glszm_small_area_emphasis": 0.44144678799590736,
  "hemoglobin_od_std": 0.07865304040452768,
  "jpeg_blockiness": 1.8427584648132325,
  "lacunarity": 2.021852249433103,
  "lbp_r1_hist_entropy": 3.2507516771202853,
  "melanin_hemo_slope": 0.4246271174773982,
  "ngtdm_coarseness": 0.17251385006555853,
  "noise_level": 1.5051792860031128,
  "overall_quality": 0.5383672956602914,
  "pore_density_r2_mpx": 26178.07389460933,
  "pore_eccentricity_mean": 0.846731857161671,
  "q_jpeg_blockiness": 1.8427584648132325,
  "q_laplacian_var": 179.4777374267578,
  "q_noise_sigma": 1.5051792860031128,
  "q_tenengrad": 36.943092346191406,
  "seam_score": 0.022250014657590887,
  "shannon_entropy_q32": 4.925177541297285,
  "sharpness_score": 179.4777374267578,
  "spectral_slope_beta": 2.953822066166148,
  "specular_dispersion": 0.0,
  "specular_elongation": 3.0148575506872666,
  "specular_sharpness": 0.0,
  "sss_index": -0.02135564027270814,
  "texture_noise_sigma": 1.5051792860031128,
  "texture_real_prob": 0.19481190910037138,
  "texture_silicone_prob": 0.8051880908996286,
  "texture_skin_confidence": 0.8051880908996286,
  "texture_unreliable": 0.0,
  "tv_residual_sparsity": 0.7939778466761885,
  "wld_joint_entropy": 6.168131117281064
}