{
  "autocorr_decay_len": 26.0,
  "bimodality_ashman_D": 2.2559658642887097,
  "dwt_haar_HH_LL_ratio": 0.0,
  "dwt_haar_HH_LL_ratio_weight": 0.2,
  "edge_tortuosity_mean": 1.1726246478172393,
  "fft_high_low_ratio": 0.15285153964836923,
  "gabor_f08_anisotropy": 2.835179720841166,
  "gabor_f08_anisotropy_weight": 0.2,
  "glcm_diss_d3_aniso": 0.11036820730500223,
  "glrlm_sre": 0.41383995484278807,
  "glrlm_sre_weight": 0.2,
  "glszm_small_area_emphasis": 0.3409527968524614,
  "hemoglobin_od_std": 0.04302710724056954,
  "jpeg_blockiness": 1.7502037525177,
  "lacunarity": 1.9067166588811753,
  "lbp_r1_hist_entropy": 3.1359118545592777,
  "lbp_r1_hist_entropy_weight": 0.2,
  "melanin_hemo_slope": 1.2084871501648877,
  "ngtdm_coarseness": 0.29988341073764285,
  "ngtdm_coarseness_weight": 0.2,
  "noise_level": 1.0031603574752808,
  "overall_quality": 0.36289348475592476,
  "pore_density_r2_mpx": 24095.03250520957,
  "pore_eccentricity_mean": 0.826924469611089,
  "pore_eccentricity_mean_weight": 0.2,
  "q_jpeg_blockiness": 1.7502037525177,
  "q_laplacian_var": 51.06571578979492,
  "q_noise_sigma": 1.0031603574752808,
  "q_tenengrad": 25.854888916015625,
  "seam_score": 0.0005849288786689852,
  "shannon_entropy_q32": 4.757476949691077,
  "shannon_entropy_q32_weight": 0.2,
  "sharpness_score": 51.06571578979492,
  "spectral_slope_beta": 2.560760672319191,
  "specular_dispersion": 0.0,
  "specular_elongation": 2.0941748077545737,
  "specular_elongation_weight": 0.2,
  "specular_sharpness": 0.0,
  "sss_index": 0.36194438221592906,
  "texture_noise_sigma": 1.0031603574752808,
  "texture_real_prob": 0.84759901019306,
  "texture_silicone_prob": 0.15240098980693995,
  "texture_skin_confidence": 0.84759901019306,
  "texture_unreliable": 0.0,
  "tv_residual_sparsity": 0.77329579164045,
  "wld_joint_entropy": 6.417279430763791
}