{
  "autocorr_decay_len": 14.0,
  "bimodality_ashman_D": 2.4689030307990434,
  "dwt_haar_HH_LL_ratio": 0.0,
  "dwt_haar_HH_LL_ratio_weight": 0.2,
  "edge_tortuosity_mean": 1.0168766916362546,
  "fft_high_low_ratio": 0.14679982257677424,
  "gabor_f08_anisotropy": 4.086204888738522,
  "gabor_f08_anisotropy_weight": 0.2,
  "glcm_diss_d3_aniso": 0.052021475219268344,
  "glrlm_sre": 0.40653386985031664,
  "glrlm_sre_weight": 0.2,
  "glszm_small_area_emphasis": 0.38533428919888796,
  "hemoglobin_od_std": 0.17201602661717105,
  "jpeg_blockiness": 1.9826868057250977,
  "lacunarity": 2.267879623785778,
  "lbp_r1_hist_entropy": 3.1842903171654475,
  "lbp_r1_hist_entropy_weight": 0.2,
  "melanin_hemo_slope": -0.7750392482365099,
  "ngtdm_coarseness": 0.23472589838783608,
  "ngtdm_coarseness_weight": 0.2,
  "noise_level": 1.654466986656189,
  "overall_quality": 0.44710548312323434,
  "pore_density_r2_mpx": 23273.594318962278,
  "pore_eccentricity_mean": 0.8199287373722647,
  "pore_eccentricity_mean_weight": 0.2,
  "q_jpeg_blockiness": 1.9826868057250977,
  "q_laplacian_var": 115.2047348022461,
  "q_noise_sigma": 1.654466986656189,
  "q_tenengrad": 36.23920440673828,
  "seam_score": 0.018188583632090135,
  "shannon_entropy_q32": 4.801545101286756,
  "shannon_entropy_q32_weight": 0.2,
  "sharpness_score": 115.2047348022461,
  "spectral_slope_beta": 3.1735744646241697,
  "specular_dispersion": 0.0,
  "specular_elongation": 2.453118041819494,
  "specular_elongation_weight": 0.2,
  "specular_sharpness": 0.0,
  "sss_index": -0.4045448980785189,
  "texture_noise_sigma": 1.654466986656189,
  "texture_real_prob": 0.6022658928027047,
  "texture_silicone_prob": 0.39773410719729535,
  "texture_skin_confidence": 0.6022658928027047,
  "texture_unreliable": 0.0,
  "tv_residual_sparsity": 0.7780471190129735,
  "wld_joint_entropy": 6.2017560331599455
}