{
  "autocorr_decay_len": 29.0,
  "bimodality_ashman_D": 2.7380924210902973,
  "dwt_haar_HH_LL_ratio": 0.0,
  "dwt_haar_HH_LL_ratio_weight": 0.2,
  "edge_tortuosity_mean": 1.0199203542193653,
  "fft_high_low_ratio": 0.08776057606326665,
  "gabor_f08_anisotropy": 4.849765675574405,
  "gabor_f08_anisotropy_weight": 0.2,
  "glcm_diss_d3_aniso": 0.0802885443619799,
  "glrlm_sre": 0.44033663548724583,
  "glrlm_sre_weight": 0.2,
  "glszm_small_area_emphasis": 0.4362960565392261,
  "hemoglobin_od_std": 0.0747967265158701,
  "jpeg_blockiness": 1.8420829772949219,
  "lacunarity": 2.2249542714912582,
  "lbp_r1_hist_entropy": 3.247230865243403,
  "lbp_r1_hist_entropy_weight": 0.2,
  "melanin_hemo_slope": -1.0824323862296008,
  "ngtdm_coarseness": 0.20553347403282862,
  "ngtdm_coarseness_weight": 0.2,
  "noise_level": 1.5097264051437378,
  "overall_quality": 0.45551875614438736,
  "pore_density_r2_mpx": 23436.68501883512,
  "pore_eccentricity_mean": 0.8275638030330779,
  "pore_eccentricity_mean_weight": 0.2,
  "q_jpeg_blockiness": 1.8420829772949219,
  "q_laplacian_var": 120.32804870605469,
  "q_noise_sigma": 1.5097264051437378,
  "q_tenengrad": 29.384817123413086,
  "seam_score": 0.18518271043747941,
  "shannon_entropy_q32": 4.959529801961887,
  "shannon_entropy_q32_weight": 0.2,
  "sharpness_score": 120.32804870605469,
  "spectral_slope_beta": 2.4658012972622902,
  "specular_dispersion": 0.0,
  "specular_elongation": 1.0,
  "specular_elongation_weight": 0.2,
  "specular_sharpness": 0.0,
  "sss_index": 0.04349518013030814,
  "texture_noise_sigma": 1.5097264051437378,
  "texture_real_prob": 0.2978894152829181,
  "texture_silicone_prob": 0.7021105847170819,
  "texture_skin_confidence": 0.7021105847170819,
  "texture_unreliable": 0.0,
  "tv_residual_sparsity": 0.794690252730971,
  "wld_joint_entropy": 5.931150708866543
}