{
  "autocorr_decay_len": 12.0,
  "bimodality_ashman_D": 2.9158863805653845,
  "dwt_haar_HH_LL_ratio": 0.0010410913895644097,
  "edge_tortuosity_mean": 1.0091405966238514,
  "fft_high_low_ratio": 0.1526376447966874,
  "gabor_f08_anisotropy": 5.4347276855456395,
  "glcm_diss_d3_aniso": 0.04612618308764663,
  "glrlm_sre": 0.5328446997797105,
  "glszm_small_area_emphasis": 0.5226628236607447,
  "hemoglobin_od_std": 0.06852660125801441,
  "jpeg_blockiness": 1.8980905532836914,
  "lacunarity": 1.7434839126746215,
  "lbp_r1_hist_entropy": 3.284074109431927,
  "melanin_hemo_slope": -1.1621681045992411,
  "ngtdm_coarseness": 0.16103853531514797,
  "noise_level": 1.911080241203308,
  "overall_quality": 0.558365979698726,
  "pore_density_r2_mpx": 41428.9016778401,
  "pore_eccentricity_mean": 0.8352371295125082,
  "q_jpeg_blockiness": 1.8980905532836914,
  "q_laplacian_var": 196.24761962890625,
  "q_noise_sigma": 1.911080241203308,
  "q_tenengrad": 31.914823532104492,
  "seam_score": 0.019863908327235714,
  "shannon_entropy_q32": 4.890178953741391,
  "sharpness_score": 196.24761962890625,
  "spectral_slope_beta": 2.3780848098772767,
  "specular_dispersion": 0.0,
  "specular_elongation": 1.35400640077266,
  "specular_sharpness": 0.0,
  "sss_index": -0.001939727890277057,
  "texture_noise_sigma": 1.911080241203308,
  "texture_real_prob": 0.9924664119542976,
  "texture_silicone_prob": 0.007533588045702362,
  "texture_skin_confidence": 0.9924664119542976,
  "texture_unreliable": 0.0,
  "tv_residual_sparsity": 0.8226109367981868,
  "wld_joint_entropy": 6.695187342591613
}