{
  "autocorr_decay_len": 14.0,
  "bimodality_ashman_D": 2.9704347519263514,
  "dwt_haar_HH_LL_ratio": 0.0012165847810816054,
  "dwt_haar_HH_LL_ratio_weight": 0.2,
  "edge_tortuosity_mean": 0.9920276356756792,
  "fft_high_low_ratio": 0.09274122941338636,
  "gabor_f08_anisotropy": 5.675716049231254,
  "gabor_f08_anisotropy_weight": 0.2,
  "glcm_diss_d3_aniso": 0.0636073397869576,
  "glrlm_sre": 0.39072127941883183,
  "glrlm_sre_weight": 0.2,
  "glszm_small_area_emphasis": 0.418409161175228,
  "hemoglobin_od_std": 0.07083051920368215,
  "jpeg_blockiness": 1.8025094032287599,
  "lacunarity": 1.9889243482006425,
  "lbp_r1_hist_entropy": 3.2221289958860537,
  "lbp_r1_hist_entropy_weight": 0.2,
  "melanin_hemo_slope": -0.2939244865681122,
  "ngtdm_coarseness": 0.21125820741614915,
  "ngtdm_coarseness_weight": 0.2,
  "noise_level": 1.2618396282196045,
  "overall_quality": 0.4530391008377075,
  "pore_density_r2_mpx": 25553.39898310332,
  "pore_eccentricity_mean": 0.8272704877011313,
  "pore_eccentricity_mean_weight": 0.2,
  "q_jpeg_blockiness": 1.8025094032287599,
  "q_laplacian_var": 117.03919219970703,
  "q_noise_sigma": 1.2618396282196045,
  "q_tenengrad": 34.595035552978516,
  "seam_score": 0.03523955599709812,
  "shannon_entropy_q32": 5.03608896066161,
  "shannon_entropy_q32_weight": 0.2,
  "sharpness_score": 117.03919219970703,
  "spectral_slope_beta": 3.177564314255142,
  "specular_dispersion": 0.0,
  "specular_elongation": 4.636355576729401,
  "specular_elongation_weight": 0.2,
  "specular_sharpness": 0.0,
  "sss_index": 0.2601709091781708,
  "texture_noise_sigma": 1.2618396282196045,
  "texture_real_prob": 0.23972249690254932,
  "texture_silicone_prob": 0.7602775030974507,
  "texture_skin_confidence": 0.7602775030974507,
  "texture_unreliable": 0.0,
  "tv_residual_sparsity": 0.7850402021447279,
  "wld_joint_entropy": 6.08653045446469
}