{
  "autocorr_decay_len": 15.0,
  "bimodality_ashman_D": 2.451144837633978,
  "dwt_haar_HH_LL_ratio": 0.0017807479750040149,
  "edge_tortuosity_mean": 1.0987154937580599,
  "fft_high_low_ratio": 0.6636656118749301,
  "gabor_f08_anisotropy": 2.402486111772824,
  "glcm_diss_d3_aniso": 0.03710177635494773,
  "glrlm_sre": 0.6078625992261759,
  "glszm_small_area_emphasis": 0.5025926859519079,
  "hemoglobin_od_std": 0.05265054769197321,
  "jpeg_blockiness": 1.788856601715088,
  "lacunarity": 2.006005065513021,
  "lbp_r1_hist_entropy": 3.2829572804166793,
  "melanin_hemo_slope": -2.2321620146219234,
  "ngtdm_coarseness": 0.1264387850509899,
  "noise_level": 2.1735424995422363,
  "overall_quality": 0.6924695441654749,
  "pore_density_r2_mpx": 37683.494450411745,
  "pore_eccentricity_mean": 0.8295092648058985,
  "q_jpeg_blockiness": 1.788856601715088,
  "q_laplacian_var": 293.6427917480469,
  "q_noise_sigma": 2.1735424995422363,
  "q_tenengrad": 40.61546325683594,
  "seam_score": 0.008995476343905084,
  "shannon_entropy_q32": 4.685091929330445,
  "sharpness_score": 293.6427917480469,
  "spectral_slope_beta": 1.430426913881832,
  "specular_dispersion": 0.0,
  "specular_elongation": 3.200861012734308,
  "specular_sharpness": 0.0,
  "sss_index": 0.5959706990582219,
  "texture_noise_sigma": 2.1735424995422363,
  "texture_real_prob": 0.9897023408275967,
  "texture_silicone_prob": 0.010297659172403316,
  "texture_skin_confidence": 0.9897023408275967,
  "texture_unreliable": 0.0,
  "tv_residual_sparsity": 0.8216355993026219,
  "wld_joint_entropy": 6.236569949733866
}