{
  "autocorr_decay_len": 24.0,
  "bimodality_ashman_D": 2.804748026978772,
  "dwt_haar_HH_LL_ratio": 0.0007056145821764131,
  "dwt_haar_HH_LL_ratio_weight": 0.2,
  "edge_tortuosity_mean": 1.0691650265739734,
  "fft_high_low_ratio": 0.1158566925543021,
  "gabor_f08_anisotropy": 3.503953378582755,
  "gabor_f08_anisotropy_weight": 0.2,
  "glcm_diss_d3_aniso": 0.05449023420232598,
  "glrlm_sre": 0.43316418178608246,
  "glrlm_sre_weight": 0.2,
  "glszm_small_area_emphasis": 0.36109922602329964,
  "hemoglobin_od_std": 0.056417378196301896,
  "jpeg_blockiness": 2.1839207649230956,
  "lacunarity": 1.6392345360969056,
  "lbp_r1_hist_entropy": 3.1765499645773643,
  "lbp_r1_hist_entropy_weight": 0.2,
  "melanin_hemo_slope": 1.401200542249002,
  "ngtdm_coarseness": 0.2649663381534665,
  "ngtdm_coarseness_weight": 0.2,
  "noise_level": 1.2634999752044678,
  "overall_quality": 0.36745418981824596,
  "pore_density_r2_mpx": 28118.766740753406,
  "pore_eccentricity_mean": 0.8213633276565023,
  "pore_eccentricity_mean_weight": 0.2,
  "q_jpeg_blockiness": 2.1839207649230956,
  "q_laplacian_var": 55.91727828979492,
  "q_noise_sigma": 1.2634999752044678,
  "q_tenengrad": 26.819293975830078,
  "seam_score": 0.03387327689596539,
  "shannon_entropy_q32": 4.951642347231193,
  "shannon_entropy_q32_weight": 0.2,
  "sharpness_score": 55.91727828979492,
  "spectral_slope_beta": 2.957035715734945,
  "specular_dispersion": 0.0,
  "specular_elongation": 1.0,
  "specular_elongation_weight": 0.2,
  "specular_sharpness": 0.0,
  "sss_index": -0.017391027993738227,
  "texture_noise_sigma": 1.2634999752044678,
  "texture_real_prob": 0.6497355272043359,
  "texture_silicone_prob": 0.35026447279566403,
  "texture_skin_confidence": 0.6497355272043359,
  "texture_unreliable": 0.0,
  "tv_residual_sparsity": 0.7832316560535317,
  "wld_joint_entropy": 6.319539878096208
}