{
  "autocorr_decay_len": 21.0,
  "bimodality_ashman_D": 3.0999890864238497,
  "dwt_haar_HH_LL_ratio": 0.0,
  "dwt_haar_HH_LL_ratio_weight": 0.2,
  "edge_tortuosity_mean": 0.9776467127146555,
  "fft_high_low_ratio": 0.09083631165256348,
  "gabor_f08_anisotropy": 3.6900986723958193,
  "gabor_f08_anisotropy_weight": 0.2,
  "glcm_diss_d3_aniso": 0.06693784038669046,
  "glrlm_sre": 0.30907563102069363,
  "glrlm_sre_weight": 0.2,
  "glszm_small_area_emphasis": 0.408803473829713,
  "hemoglobin_od_std": 0.06298247840749654,
  "jpeg_blockiness": 1.874743366241455,
  "lacunarity": 1.976451610257109,
  "lbp_r1_hist_entropy": 3.16826818862938,
  "lbp_r1_hist_entropy_weight": 0.2,
  "melanin_hemo_slope": 1.108094069128465,
  "ngtdm_coarseness": 0.3374364146264907,
  "ngtdm_coarseness_weight": 0.2,
  "noise_level": 1.1235707998275757,
  "overall_quality": 0.36720307692119053,
  "pore_density_r2_mpx": 24334.855257810817,
  "pore_eccentricity_mean": 0.831868438234154,
  "pore_eccentricity_mean_weight": 0.2,
  "q_jpeg_blockiness": 1.874743366241455,
  "q_laplacian_var": 54.881202697753906,
  "q_noise_sigma": 1.1235707998275757,
  "q_tenengrad": 25.768678665161133,
  "seam_score": 0.07138449648125128,
  "shannon_entropy_q32": 4.9574538979915745,
  "shannon_entropy_q32_weight": 0.2,
  "sharpness_score": 54.881202697753906,
  "spectral_slope_beta": 3.112031919654478,
  "specular_dispersion": 0.0,
  "specular_elongation": 3.63672745819405,
  "specular_elongation_weight": 0.2,
  "specular_sharpness": 0.0,
  "sss_index": 0.10927707160314033,
  "texture_noise_sigma": 1.1235707998275757,
  "texture_real_prob": 0.19586347306182827,
  "texture_silicone_prob": 0.8041365269381717,
  "texture_skin_confidence": 0.8041365269381717,
  "texture_unreliable": 0.0,
  "tv_residual_sparsity": 0.7757697588732327,
  "wld_joint_entropy": 6.323957005521742
}