{
  "autocorr_decay_len": 25.0,
  "bimodality_ashman_D": 2.9342515445859014,
  "dwt_haar_HH_LL_ratio": 0.0012726993064120663,
  "dwt_haar_HH_LL_ratio_weight": 0.2,
  "edge_tortuosity_mean": 0.9966065868452038,
  "fft_high_low_ratio": 0.08922888988755985,
  "gabor_f08_anisotropy": 4.866344913153413,
  "gabor_f08_anisotropy_weight": 0.2,
  "glcm_diss_d3_aniso": 0.10688824763526616,
  "glrlm_sre": 0.3550298498240046,
  "glrlm_sre_weight": 0.2,
  "glszm_small_area_emphasis": 0.4680933990639201,
  "hemoglobin_od_std": 0.10024813497267993,
  "jpeg_blockiness": 1.922856616973877,
  "lacunarity": 1.8517300396619998,
  "lbp_r1_hist_entropy": 3.264475256431469,
  "lbp_r1_hist_entropy_weight": 0.2,
  "melanin_hemo_slope": -0.9748438256493733,
  "ngtdm_coarseness": 0.20713378456160156,
  "ngtdm_coarseness_weight": 0.2,
  "noise_level": 1.6293065547943115,
  "overall_quality": 0.46834651170458114,
  "pore_density_r2_mpx": 30315.50229894519,
  "pore_eccentricity_mean": 0.875966582919914,
  "pore_eccentricity_mean_weight": 0.2,
  "q_jpeg_blockiness": 1.922856616973877,
  "q_laplacian_var": 130.2228546142578,
  "q_noise_sigma": 1.6293065547943115,
  "q_tenengrad": 33.048091888427734,
  "seam_score": 0.04949140090614459,
  "shannon_entropy_q32": 4.9585674913471856,
  "shannon_entropy_q32_weight": 0.2,
  "sharpness_score": 130.2228546142578,
  "spectral_slope_beta": 2.7324035567278018,
  "specular_dispersion": 0.0,
  "specular_elongation": 2.371538520516526,
  "specular_elongation_weight": 0.2,
  "specular_sharpness": 0.0,
  "sss_index": -0.10609055394262354,
  "texture_noise_sigma": 1.6293065547943115,
  "texture_unreliable": 0.0,
  "tv_residual_sparsity": 0.8004384155579028,
  "wld_joint_entropy": 6.313977341711803
}