{
  "autocorr_decay_len": 16.0,
  "bimodality_ashman_D": 2.553656847742916,
  "dwt_haar_HH_LL_ratio": 0.0009230015647064768,
  "dwt_haar_HH_LL_ratio_weight": 0.2,
  "edge_tortuosity_mean": 1.0211777923014556,
  "fft_high_low_ratio": 0.15572892561515955,
  "gabor_f08_anisotropy": 4.838978058102336,
  "gabor_f08_anisotropy_weight": 0.2,
  "glcm_diss_d3_aniso": 0.04957617286549027,
  "glrlm_sre": 0.4706768675846884,
  "glrlm_sre_weight": 0.2,
  "glszm_small_area_emphasis": 0.4705633077582042,
  "hemoglobin_od_std": 0.061645654788697116,
  "jpeg_blockiness": 1.8388980865478515,
  "lacunarity": 1.9006177785362048,
  "lbp_r1_hist_entropy": 3.2840271516787185,
  "lbp_r1_hist_entropy_weight": 0.2,
  "melanin_hemo_slope": 0.47165772920056337,
  "ngtdm_coarseness": 0.18670508678120337,
  "ngtdm_coarseness_weight": 0.2,
  "noise_level": 1.8110047578811646,
  "overall_quality": 0.47588700502940584,
  "pore_density_r2_mpx": 31361.440602948987,
  "pore_eccentricity_mean": 0.8379481502976709,
  "pore_eccentricity_mean_weight": 0.2,
  "q_jpeg_blockiness": 1.8388980865478515,
  "q_laplacian_var": 136.7213592529297,
  "q_noise_sigma": 1.8110047578811646,
  "q_tenengrad": 28.952333450317383,
  "seam_score": 0.020004220174290335,
  "shannon_entropy_q32": 4.794681530124331,
  "shannon_entropy_q32_weight": 0.2,
  "sharpness_score": 136.7213592529297,
  "spectral_slope_beta": 2.435307276848205,
  "specular_dispersion": 0.0,
  "specular_elongation": 1.9029536124288589,
  "specular_elongation_weight": 0.2,
  "specular_sharpness": 0.0,
  "sss_index": -0.1628832399617895,
  "texture_noise_sigma": 1.8110047578811646,
  "texture_real_prob": 0.9783715504656957,
  "texture_silicone_prob": 0.021628449534304362,
  "texture_skin_confidence": 0.9783715504656957,
  "texture_unreliable": 0.0,
  "tv_residual_sparsity": 0.8153707113839671,
  "wld_joint_entropy": 6.534536076831125
}