{
  "autocorr_decay_len": 18.0,
  "bimodality_ashman_D": 4.94212221572512,
  "dwt_haar_HH_LL_ratio": 0.0,
  "edge_tortuosity_mean": 0.9666802905336319,
  "fft_high_low_ratio": 0.1028051281295873,
  "gabor_f08_anisotropy": 4.290463884246902,
  "glcm_diss_d3_aniso": 0.032193092875990786,
  "glrlm_sre": 0.4911037526842201,
  "glszm_small_area_emphasis": 0.553331049044981,
  "hemoglobin_od_std": 0.06375435842950167,
  "jpeg_blockiness": 2.0220339775085447,
  "lacunarity": 2.552179092730332,
  "lbp_r1_hist_entropy": 3.2730211174928696,
  "melanin_hemo_slope": -1.3952325495171318,
  "ngtdm_coarseness": 0.1784932529917138,
  "noise_level": 1.9880330562591553,
  "overall_quality": 0.6228638487407139,
  "pore_density_r2_mpx": 28964.064832586908,
  "pore_eccentricity_mean": 0.8490233072794252,
  "q_jpeg_blockiness": 2.0220339775085447,
  "q_laplacian_var": 242.78866577148438,
  "q_noise_sigma": 1.9880330562591553,
  "q_tenengrad": 37.3623161315918,
  "seam_score": 0.01647696691807774,
  "shannon_entropy_q32": 4.832644425006588,
  "sharpness_score": 242.78866577148438,
  "spectral_slope_beta": 2.908670582719772,
  "specular_dispersion": 0.0,
  "specular_elongation": 3.0447118384190834,
  "specular_sharpness": 0.0,
  "sss_index": 0.3229202000996355,
  "texture_noise_sigma": 1.9880330562591553,
  "texture_real_prob": 0.7270199364092618,
  "texture_silicone_prob": 0.2729800635907382,
  "texture_skin_confidence": 0.7270199364092618,
  "texture_unreliable": 0.0,
  "tv_residual_sparsity": 0.8128810853082687,
  "wld_joint_entropy": 6.211978792001407
}