{
  "autocorr_decay_len": 34.0,
  "bimodality_ashman_D": 2.5896411132972337,
  "dwt_haar_HH_LL_ratio": 0.0,
  "dwt_haar_HH_LL_ratio_weight": 0.2,
  "edge_tortuosity_mean": 1.0344740056962354,
  "fft_high_low_ratio": 0.03653453186420336,
  "gabor_f08_anisotropy": 3.2294775518222427,
  "gabor_f08_anisotropy_weight": 0.2,
  "glcm_diss_d3_aniso": 0.08981815211201113,
  "glrlm_sre": 0.41503363089723716,
  "glrlm_sre_weight": 0.2,
  "glszm_small_area_emphasis": 0.4001508596593724,
  "hemoglobin_od_std": 0.056704991619221636,
  "jpeg_blockiness": 1.8246453285217286,
  "lacunarity": 1.7698673291616092,
  "lbp_r1_hist_entropy": 3.239781567675723,
  "lbp_r1_hist_entropy_weight": 0.2,
  "melanin_hemo_slope": 0.3466655716560228,
  "ngtdm_coarseness": 0.23562245795481518,
  "ngtdm_coarseness_weight": 0.2,
  "noise_level": 1.177155613899231,
  "overall_quality": 0.4399047266960143,
  "pore_density_r2_mpx": 29356.274998113353,
  "pore_eccentricity_mean": 0.8168382323245784,
  "pore_eccentricity_mean_weight": 0.2,
  "q_jpeg_blockiness": 1.8246453285217286,
  "q_laplacian_var": 107.13902282714844,
  "q_noise_sigma": 1.177155613899231,
  "q_tenengrad": 29.73198127746582,
  "seam_score": 0.03746405198167842,
  "shannon_entropy_q32": 4.660980085988174,
  "shannon_entropy_q32_weight": 0.2,
  "sharpness_score": 107.13902282714844,
  "spectral_slope_beta": 2.867560307204713,
  "specular_dispersion": 0.0,
  "specular_elongation": 1.0,
  "specular_elongation_weight": 0.2,
  "specular_sharpness": 0.0,
  "sss_index": 0.07064478494866408,
  "texture_noise_sigma": 1.177155613899231,
  "texture_real_prob": 0.11226859252867138,
  "texture_silicone_prob": 0.8877314074713286,
  "texture_skin_confidence": 0.8877314074713286,
  "texture_unreliable": 0.0,
  "tv_residual_sparsity": 0.7907054454696978,
  "wld_joint_entropy": 6.179088028113667
}