{
  "autocorr_decay_len": 21.0,
  "bimodality_ashman_D": 3.6956753673704874,
  "dwt_haar_HH_LL_ratio": 0.0007437210706931921,
  "dwt_haar_HH_LL_ratio_weight": 0.2,
  "edge_tortuosity_mean": 1.0155323863845596,
  "fft_high_low_ratio": 0.11691886585768554,
  "gabor_f08_anisotropy": 4.9032501169140845,
  "gabor_f08_anisotropy_weight": 0.2,
  "glcm_diss_d3_aniso": 0.013539735933987353,
  "glrlm_sre": 0.36214332789774445,
  "glrlm_sre_weight": 0.2,
  "glszm_small_area_emphasis": 0.4151168557828988,
  "hemoglobin_od_std": 0.039816311072876996,
  "jpeg_blockiness": 1.9081584930419921,
  "lacunarity": 1.876301615507195,
  "lbp_r1_hist_entropy": 3.201272361902662,
  "lbp_r1_hist_entropy_weight": 0.2,
  "melanin_hemo_slope": -4.394262677082724,
  "ngtdm_coarseness": 0.2545275568725426,
  "ngtdm_coarseness_weight": 0.2,
  "noise_level": 1.303231120109558,
  "overall_quality": 0.409726665864672,
  "pore_density_r2_mpx": 27645.353421400585,
  "pore_eccentricity_mean": 0.7933782842841534,
  "pore_eccentricity_mean_weight": 0.2,
  "q_jpeg_blockiness": 1.9081584930419921,
  "q_laplacian_var": 86.35515594482422,
  "q_noise_sigma": 1.303231120109558,
  "q_tenengrad": 31.13381004333496,
  "seam_score": 0.00780443144812801,
  "shannon_entropy_q32": 5.000364807514764,
  "shannon_entropy_q32_weight": 0.2,
  "sharpness_score": 86.35515594482422,
  "spectral_slope_beta": 3.077888312069707,
  "specular_dispersion": 0.0,
  "specular_elongation": 2.4633157804146073,
  "specular_elongation_weight": 0.2,
  "specular_sharpness": 0.0,
  "sss_index": 0.048829470567064236,
  "texture_noise_sigma": 1.303231120109558,
  "texture_real_prob": 0.5131224007573992,
  "texture_silicone_prob": 0.48687759924260077,
  "texture_skin_confidence": 0.5131224007573992,
  "texture_unreliable": 0.0,
  "tv_residual_sparsity": 0.7809673225524949,
  "wld_joint_entropy": 5.853773742549726
}