{
  "autocorr_decay_len": 23.0,
  "bimodality_ashman_D": 2.9907004197160587,
  "dwt_haar_HH_LL_ratio": 0.0006988193513520764,
  "dwt_haar_HH_LL_ratio_weight": 0.2,
  "edge_tortuosity_mean": 1.165069222060489,
  "fft_high_low_ratio": 0.2030051984764166,
  "gabor_f08_anisotropy": 2.638942808614373,
  "gabor_f08_anisotropy_weight": 0.2,
  "glcm_diss_d3_aniso": 0.06731882302804737,
  "glrlm_sre": 0.47339628096948877,
  "glrlm_sre_weight": 0.2,
  "glszm_small_area_emphasis": 0.3221845885012663,
  "hemoglobin_od_std": 0.03858361476580858,
  "jpeg_blockiness": 1.804441547393799,
  "lacunarity": 1.7844539050640276,
  "lbp_r1_hist_entropy": 3.1366101362389895,
  "lbp_r1_hist_entropy_weight": 0.2,
  "melanin_hemo_slope": -4.168757455592579,
  "ngtdm_coarseness": 0.23831220817180418,
  "ngtdm_coarseness_weight": 0.2,
  "noise_level": 1.168056607246399,
  "overall_quality": 0.37997475461959834,
  "pore_density_r2_mpx": 24263.263675327504,
  "pore_eccentricity_mean": 0.7897441249940148,
  "pore_eccentricity_mean_weight": 0.2,
  "q_jpeg_blockiness": 1.804441547393799,
  "q_laplacian_var": 64.27619171142578,
  "q_noise_sigma": 1.168056607246399,
  "q_tenengrad": 33.44012451171875,
  "seam_score": 0.015503970035054172,
  "shannon_entropy_q32": 4.685916150348676,
  "shannon_entropy_q32_weight": 0.2,
  "sharpness_score": 64.27619171142578,
  "spectral_slope_beta": 3.2493584848758634,
  "specular_dispersion": 0.0,
  "specular_elongation": 2.3929717509958865,
  "specular_elongation_weight": 0.2,
  "specular_sharpness": 0.0,
  "sss_index": 0.153575257282676,
  "texture_noise_sigma": 1.168056607246399,
  "texture_real_prob": 0.7817396517564466,
  "texture_silicone_prob": 0.21826034824355348,
  "texture_skin_confidence": 0.7817396517564466,
  "texture_unreliable": 0.0,
  "tv_residual_sparsity": 0.7673175079401826,
  "wld_joint_entropy": 6.6566409978572665
}