{
  "autocorr_decay_len": 34.0,
  "bimodality_ashman_D": 2.8813466175655007,
  "dwt_haar_HH_LL_ratio": 0.0010218905006549044,
  "edge_tortuosity_mean": 1.047436812904011,
  "fft_high_low_ratio": 0.036864271618682956,
  "gabor_f08_anisotropy": 2.2846555360005474,
  "glcm_diss_d3_aniso": 0.031010817617534214,
  "glrlm_sre": 0.5066816575871914,
  "glszm_small_area_emphasis": 0.565844378057301,
  "hemoglobin_od_std": 0.11757187252381392,
  "jpeg_blockiness": 1.9871773719787598,
  "lacunarity": 1.8430456751996873,
  "lbp_r1_hist_entropy": 3.26727707383565,
  "melanin_hemo_slope": -1.3175830469142833,
  "ngtdm_coarseness": 0.15318354396128753,
  "noise_level": 2.3015613555908203,
  "overall_quality": 0.6041780410766602,
  "pore_density_r2_mpx": 44209.803416602284,
  "pore_eccentricity_mean": 0.8499495472026266,
  "q_jpeg_blockiness": 1.9871773719787598,
  "q_laplacian_var": 231.36122131347656,
  "q_noise_sigma": 2.3015613555908203,
  "q_tenengrad": 32.19858169555664,
  "seam_score": 0.00041266087564476717,
  "shannon_entropy_q32": 4.742522182630045,
  "sharpness_score": 231.36122131347656,
  "spectral_slope_beta": 1.894198761641932,
  "specular_dispersion": 0.0,
  "specular_elongation": 1.0,
  "specular_sharpness": 0.0,
  "sss_index": -0.10955255310420742,
  "texture_noise_sigma": 2.3015613555908203,
  "texture_real_prob": 0.8047263839499585,
  "texture_silicone_prob": 0.1952736160500415,
  "texture_skin_confidence": 0.8047263839499585,
  "texture_unreliable": 0.0,
  "tv_residual_sparsity": 0.8227812474808741,
  "wld_joint_entropy": 6.693761006751762
}