{
  "autocorr_decay_len": 26.0,
  "bimodality_ashman_D": 2.6692577427727437,
  "dwt_haar_HH_LL_ratio": 0.0004090531519737619,
  "dwt_haar_HH_LL_ratio_weight": 0.2,
  "edge_tortuosity_mean": 1.1883806871351372,
  "fft_high_low_ratio": 0.18182487693525912,
  "gabor_f08_anisotropy": 2.6379348984336146,
  "gabor_f08_anisotropy_weight": 0.2,
  "glcm_diss_d3_aniso": 0.09682584356290878,
  "glrlm_sre": 0.4267313038823619,
  "glrlm_sre_weight": 0.2,
  "glszm_small_area_emphasis": 0.33328614929627576,
  "hemoglobin_od_std": 0.07104996076610533,
  "jpeg_blockiness": 1.7980226516723632,
  "lacunarity": 1.619583680104526,
  "lbp_r1_hist_entropy": 3.1305490069028226,
  "lbp_r1_hist_entropy_weight": 0.2,
  "melanin_hemo_slope": -1.1211002459735693,
  "ngtdm_coarseness": 0.30231453240419515,
  "ngtdm_coarseness_weight": 0.2,
  "noise_level": 1.0573585033416748,
  "overall_quality": 0.35680493935176305,
  "pore_density_r2_mpx": 24854.7733460472,
  "pore_eccentricity_mean": 0.8165317686932537,
  "pore_eccentricity_mean_weight": 0.2,
  "q_jpeg_blockiness": 1.7980226516723632,
  "q_laplacian_var": 47.048580169677734,
  "q_noise_sigma": 1.0573585033416748,
  "q_tenengrad": 28.366331100463867,
  "seam_score": 0.00019392830772945076,
  "shannon_entropy_q32": 4.716428497079369,
  "shannon_entropy_q32_weight": 0.2,
  "sharpness_score": 47.048580169677734,
  "spectral_slope_beta": 3.3864062861330915,
  "specular_dispersion": 0.0,
  "specular_elongation": 1.0,
  "specular_elongation_weight": 0.2,
  "specular_sharpness": 0.0,
  "sss_index": -0.047327641397961424,
  "texture_noise_sigma": 1.0573585033416748,
  "texture_real_prob": 0.5,
  "texture_silicone_prob": 0.5,
  "texture_skin_confidence": 0.0,
  "texture_unreliable": 0.0,
  "tv_residual_sparsity": 0.771528582905648,
  "wld_joint_entropy": 6.306618198460673
}