{
  "autocorr_decay_len": 20.0,
  "bimodality_ashman_D": 2.8043378825181278,
  "dwt_haar_HH_LL_ratio": 0.0,
  "dwt_haar_HH_LL_ratio_weight": 0.2,
  "edge_tortuosity_mean": 1.1311872389577755,
  "fft_high_low_ratio": 0.33087655750148065,
  "gabor_f08_anisotropy": 4.875573736901352,
  "gabor_f08_anisotropy_weight": 0.2,
  "glcm_diss_d3_aniso": 0.13437325419312782,
  "glrlm_sre": 0.5517669068297713,
  "glrlm_sre_weight": 0.2,
  "glszm_small_area_emphasis": 0.41278817775631965,
  "hemoglobin_od_std": 0.05790333010941504,
  "jpeg_blockiness": 1.9778943061828613,
  "lacunarity": 1.6600238894819912,
  "lbp_r1_hist_entropy": 3.2542194383121097,
  "lbp_r1_hist_entropy_weight": 0.2,
  "melanin_hemo_slope": 0.41513417535281955,
  "ngtdm_coarseness": 0.18389153488497456,
  "ngtdm_coarseness_weight": 0.2,
  "noise_level": 1.5907357931137085,
  "overall_quality": 0.4480507983480181,
  "pore_density_r2_mpx": 32810.75502905045,
  "pore_eccentricity_mean": 0.8279909090447694,
  "pore_eccentricity_mean_weight": 0.2,
  "q_jpeg_blockiness": 1.9778943061828613,
  "q_laplacian_var": 115.4897689819336,
  "q_noise_sigma": 1.5907357931137085,
  "q_tenengrad": 31.36801528930664,
  "seam_score": 0.00483708040533244,
  "shannon_entropy_q32": 4.846581472366966,
  "shannon_entropy_q32_weight": 0.2,
  "sharpness_score": 115.4897689819336,
  "spectral_slope_beta": 1.960581660631954,
  "specular_dispersion": 0.0,
  "specular_elongation": 1.0,
  "specular_elongation_weight": 0.2,
  "specular_sharpness": 0.0,
  "sss_index": 0.25436793419103587,
  "texture_noise_sigma": 1.5907357931137085,
  "texture_real_prob": 0.9784015596011209,
  "texture_silicone_prob": 0.02159844039887917,
  "texture_skin_confidence": 0.9784015596011209,
  "texture_unreliable": 0.0,
  "tv_residual_sparsity": 0.8019495517128374,
  "wld_joint_entropy": 6.579093112211206
}