{
  "autocorr_decay_len": 26.0,
  "bimodality_ashman_D": 2.7517147995410967,
  "dwt_haar_HH_LL_ratio": 0.0008602967186629304,
  "dwt_haar_HH_LL_ratio_weight": 0.2,
  "edge_tortuosity_mean": 0.9863681437176786,
  "fft_high_low_ratio": 0.10538111468743097,
  "gabor_f08_anisotropy": 2.1212449193223617,
  "gabor_f08_anisotropy_weight": 0.2,
  "glcm_diss_d3_aniso": 0.032230202099554524,
  "glrlm_sre": 0.38753108700032113,
  "glrlm_sre_weight": 0.2,
  "glszm_small_area_emphasis": 0.42908575722956,
  "hemoglobin_od_std": 0.10614290936095593,
  "jpeg_blockiness": 1.8919169425964355,
  "lacunarity": 1.9520767889923902,
  "lbp_r1_hist_entropy": 3.221844154411189,
  "lbp_r1_hist_entropy_weight": 0.2,
  "melanin_hemo_slope": -0.328880022046472,
  "ngtdm_coarseness": 0.22715163688035492,
  "ngtdm_coarseness_weight": 0.2,
  "noise_level": 1.2796887159347534,
  "overall_quality": 0.4274689715112958,
  "pore_density_r2_mpx": 27448.697078080255,
  "pore_eccentricity_mean": 0.8304396997366449,
  "pore_eccentricity_mean_weight": 0.2,
  "q_jpeg_blockiness": 1.8919169425964355,
  "q_laplacian_var": 98.88409423828125,
  "q_noise_sigma": 1.2796887159347534,
  "q_tenengrad": 31.60402488708496,
  "seam_score": 0.02318090655253476,
  "shannon_entropy_q32": 4.942002984284324,
  "shannon_entropy_q32_weight": 0.2,
  "sharpness_score": 98.88409423828125,
  "spectral_slope_beta": 3.2294966301833226,
  "specular_dispersion": 0.0,
  "specular_elongation": 3.733333142543132,
  "specular_elongation_weight": 0.2,
  "specular_sharpness": 0.0,
  "sss_index": 0.05249185461926523,
  "texture_noise_sigma": 1.2796887159347534,
  "texture_real_prob": 0.45489280181615355,
  "texture_silicone_prob": 0.5451071981838465,
  "texture_skin_confidence": 0.5451071981838465,
  "texture_unreliable": 0.0,
  "tv_residual_sparsity": 0.7834947098076082,
  "wld_joint_entropy": 6.228011299911512
}