{
  "autocorr_decay_len": 14.0,
  "bimodality_ashman_D": 2.9768671500832924,
  "dwt_haar_HH_LL_ratio": 0.0,
  "dwt_haar_HH_LL_ratio_weight": 0.2,
  "edge_tortuosity_mean": 1.0143488078170386,
  "fft_high_low_ratio": 0.08442772987267876,
  "gabor_f08_anisotropy": 5.238432291358206,
  "gabor_f08_anisotropy_weight": 0.2,
  "glcm_diss_d3_aniso": 0.04707102411444854,
  "glrlm_sre": 0.3158399904963128,
  "glrlm_sre_weight": 0.2,
  "glszm_small_area_emphasis": 0.3428878256922604,
  "hemoglobin_od_std": 0.12109250568453751,
  "jpeg_blockiness": 1.8469244956970214,
  "lacunarity": 1.7043183909190787,
  "lbp_r1_hist_entropy": 3.0387539648904127,
  "lbp_r1_hist_entropy_weight": 0.2,
  "melanin_hemo_slope": -0.5888376005196542,
  "ngtdm_coarseness": 0.35850879470621705,
  "ngtdm_coarseness_weight": 0.2,
  "noise_level": 0.7855849266052246,
  "overall_quality": 0.3446948443276542,
  "pore_density_r2_mpx": 23195.780328886132,
  "pore_eccentricity_mean": 0.789721318120166,
  "pore_eccentricity_mean_weight": 0.2,
  "q_jpeg_blockiness": 1.8469244956970214,
  "q_laplacian_var": 36.73459243774414,
  "q_noise_sigma": 0.7855849266052246,
  "q_tenengrad": 28.258502960205078,
  "seam_score": 0.005969513857308064,
  "shannon_entropy_q32": 4.925108705731098,
  "shannon_entropy_q32_weight": 0.2,
  "sharpness_score": 36.73459243774414,
  "spectral_slope_beta": 3.5035194440696595,
  "specular_dispersion": 0.0,
  "specular_elongation": 1.6159197125095752,
  "specular_elongation_weight": 0.2,
  "specular_sharpness": 0.0,
  "sss_index": -0.3089339841831777,
  "texture_noise_sigma": 0.7855849266052246,
  "texture_unreliable": 0.0,
  "tv_residual_sparsity": 0.752734050087332,
  "wld_joint_entropy": 6.274631027443697
}