{
  "autocorr_decay_len": 31.0,
  "bimodality_ashman_D": 2.6735765545919583,
  "dwt_haar_HH_LL_ratio": 0.0009097878199671991,
  "dwt_haar_HH_LL_ratio_weight": 0.2,
  "edge_tortuosity_mean": 0.9713041564623813,
  "fft_high_low_ratio": 0.03508111435481886,
  "gabor_f08_anisotropy": 4.0798973301022645,
  "gabor_f08_anisotropy_weight": 0.2,
  "glcm_diss_d3_aniso": 0.10717546075489671,
  "glrlm_sre": 0.4132844934743242,
  "glrlm_sre_weight": 0.2,
  "glszm_small_area_emphasis": 0.443014038505037,
  "hemoglobin_od_std": 0.0779454980113861,
  "jpeg_blockiness": 1.653411340713501,
  "lacunarity": 2.0842905389117528,
  "lbp_r1_hist_entropy": 3.2339502394464628,
  "lbp_r1_hist_entropy_weight": 0.2,
  "melanin_hemo_slope": 0.3749851946967131,
  "ngtdm_coarseness": 0.2412913291266276,
  "ngtdm_coarseness_weight": 0.2,
  "noise_level": 1.0565377473831177,
  "overall_quality": 0.42850401312964304,
  "pore_density_r2_mpx": 24369.502582913425,
  "pore_eccentricity_mean": 0.8643897828129431,
  "pore_eccentricity_mean_weight": 0.2,
  "q_jpeg_blockiness": 1.653411340713501,
  "q_laplacian_var": 98.2571792602539,
  "q_noise_sigma": 1.0565377473831177,
  "q_tenengrad": 26.368873596191406,
  "seam_score": 0.021854439792955118,
  "shannon_entropy_q32": 4.863330222199234,
  "shannon_entropy_q32_weight": 0.2,
  "sharpness_score": 98.2571792602539,
  "spectral_slope_beta": 3.012217587850105,
  "specular_dispersion": 0.0,
  "specular_elongation": 6.324484311217459,
  "specular_elongation_weight": 0.2,
  "specular_sharpness": 0.0,
  "sss_index": 0.07782645366302819,
  "texture_noise_sigma": 1.0565377473831177,
  "texture_real_prob": 0.06199394299036043,
  "texture_silicone_prob": 0.9380060570096396,
  "texture_skin_confidence": 0.9380060570096396,
  "texture_unreliable": 0.0,
  "tv_residual_sparsity": 0.7849778187908089,
  "wld_joint_entropy": 6.232556322021155
}