{
  "autocorr_decay_len": 16.0,
  "bimodality_ashman_D": 2.9358634002349024,
  "dwt_haar_HH_LL_ratio": 0.0,
  "dwt_haar_HH_LL_ratio_weight": 0.2,
  "edge_tortuosity_mean": 1.1008346525047374,
  "fft_high_low_ratio": 0.378205890351037,
  "gabor_f08_anisotropy": 8.225510601317096,
  "gabor_f08_anisotropy_weight": 0.2,
  "glcm_diss_d3_aniso": 0.20516599436334415,
  "glrlm_sre": 0.43895773394303456,
  "glrlm_sre_weight": 0.2,
  "glszm_small_area_emphasis": 0.34439284828956573,
  "hemoglobin_od_std": 0.08131810172517147,
  "jpeg_blockiness": 1.6802339553833008,
  "lacunarity": 1.7195244234496618,
  "lbp_r1_hist_entropy": 3.151810313851748,
  "lbp_r1_hist_entropy_weight": 0.2,
  "melanin_hemo_slope": 0.5829292283314302,
  "ngtdm_coarseness": 0.2688534121635164,
  "ngtdm_coarseness_weight": 0.2,
  "noise_level": 0.964448094367981,
  "overall_quality": 0.3726578244481768,
  "pore_density_r2_mpx": 27919.081982728025,
  "pore_eccentricity_mean": 0.8171945927886559,
  "pore_eccentricity_mean_weight": 0.2,
  "q_jpeg_blockiness": 1.6802339553833008,
  "q_laplacian_var": 57.80323028564453,
  "q_noise_sigma": 0.964448094367981,
  "q_tenengrad": 27.31182861328125,
  "seam_score": 0.003623486394859818,
  "shannon_entropy_q32": 4.9117402521665445,
  "shannon_entropy_q32_weight": 0.2,
  "sharpness_score": 57.80323028564453,
  "spectral_slope_beta": 2.417859870961773,
  "specular_dispersion": 0.0,
  "specular_elongation": 4.13282485920543,
  "specular_elongation_weight": 0.2,
  "specular_sharpness": 0.0,
  "sss_index": 0.151744739142449,
  "texture_noise_sigma": 0.964448094367981,
  "texture_real_prob": 0.8915459361903949,
  "texture_silicone_prob": 0.10845406380960512,
  "texture_skin_confidence": 0.8915459361903949,
  "texture_unreliable": 0.0,
  "tv_residual_sparsity": 0.775118833311567,
  "wld_joint_entropy": 6.261541803892561
}