{
  "autocorr_decay_len": 31.0,
  "bimodality_ashman_D": 2.582316020196516,
  "dwt_haar_HH_LL_ratio": 0.0,
  "edge_tortuosity_mean": 1.154792523514024,
  "fft_high_low_ratio": 0.12445498498267972,
  "gabor_f08_anisotropy": 2.5729840922250284,
  "glcm_diss_d3_aniso": 0.1216841799495492,
  "glrlm_sre": 0.6434052651926128,
  "glszm_small_area_emphasis": 0.4990999267516023,
  "hemoglobin_od_std": 0.03989183921504758,
  "jpeg_blockiness": 2.1349848747253417,
  "lacunarity": 1.7485455621094257,
  "lbp_r1_hist_entropy": 3.274148443150625,
  "melanin_hemo_slope": -2.6541298505502415,
  "ngtdm_coarseness": 0.13085965717940734,
  "noise_level": 2.3128821849823,
  "overall_quality": 0.6492392298834664,
  "pore_density_r2_mpx": 41613.57760486894,
  "pore_eccentricity_mean": 0.8422011992152737,
  "q_jpeg_blockiness": 2.1349848747253417,
  "q_laplacian_var": 263.6170959472656,
  "q_noise_sigma": 2.3128821849823,
  "q_tenengrad": 35.59532165527344,
  "seam_score": 0.031316590590068166,
  "shannon_entropy_q32": 4.88063443239874,
  "sharpness_score": 263.6170959472656,
  "spectral_slope_beta": 2.01201476224349,
  "specular_dispersion": 0.0,
  "specular_elongation": 2.2018748282213645,
  "specular_sharpness": 0.0,
  "sss_index": -0.08361751511894958,
  "texture_noise_sigma": 2.3128821849823,
  "texture_real_prob": 0.9746963138240162,
  "texture_silicone_prob": 0.025303686175983737,
  "texture_skin_confidence": 0.9746963138240162,
  "texture_unreliable": 0.0,
  "tv_residual_sparsity": 0.8272555766019195,
  "wld_joint_entropy": 6.553336164284715
}