{
  "autocorr_decay_len": 25.0,
  "bimodality_ashman_D": 3.0727713953194233,
  "dwt_haar_HH_LL_ratio": 0.0,
  "edge_tortuosity_mean": 0.9465905879552737,
  "fft_high_low_ratio": 0.03316396399549669,
  "gabor_f08_anisotropy": 3.6064489881968846,
  "glcm_diss_d3_aniso": 0.07200469753239973,
  "glrlm_sre": 0.4374383720286649,
  "glszm_small_area_emphasis": 0.5742761820747303,
  "hemoglobin_od_std": 0.07078014271616108,
  "jpeg_blockiness": 1.622305679321289,
  "lacunarity": 2.173877832299497,
  "lbp_r1_hist_entropy": 3.2723161250716024,
  "melanin_hemo_slope": 0.9505159626926039,
  "ngtdm_coarseness": 0.19597971902034397,
  "noise_level": 1.3737735748291016,
  "overall_quality": 0.5141723565237862,
  "pore_density_r2_mpx": 32445.05062162304,
  "pore_eccentricity_mean": 0.8571650948365697,
  "q_jpeg_blockiness": 1.622305679321289,
  "q_laplacian_var": 161.39111328125,
  "q_noise_sigma": 1.3737735748291016,
  "q_tenengrad": 29.012638092041016,
  "seam_score": 0.003550791092171342,
  "shannon_entropy_q32": 5.058793703729878,
  "sharpness_score": 161.39111328125,
  "spectral_slope_beta": 2.1178862341030267,
  "specular_dispersion": 0.0,
  "specular_elongation": 1.0,
  "specular_sharpness": 0.0,
  "sss_index": -0.11863969594706072,
  "texture_noise_sigma": 1.3737735748291016,
  "texture_real_prob": 0.5244928865649623,
  "texture_silicone_prob": 0.4755071134350377,
  "texture_skin_confidence": 0.5244928865649623,
  "texture_unreliable": 0.0,
  "tv_residual_sparsity": 0.7979820408013474,
  "wld_joint_entropy": 6.502229567618281
}