{
  "autocorr_decay_len": 19.0,
  "bimodality_ashman_D": 4.432667243311374,
  "dwt_haar_HH_LL_ratio": 0.0,
  "dwt_haar_HH_LL_ratio_weight": 0.2,
  "edge_tortuosity_mean": 1.0469674614178452,
  "fft_high_low_ratio": 0.19561132101683715,
  "gabor_f08_anisotropy": 4.269233544713223,
  "gabor_f08_anisotropy_weight": 0.2,
  "glcm_diss_d3_aniso": 0.01069072224793156,
  "glrlm_sre": 0.27855347227772975,
  "glrlm_sre_weight": 0.2,
  "glszm_small_area_emphasis": 0.3217348259720028,
  "hemoglobin_od_std": 0.23264628079572247,
  "jpeg_blockiness": 1.9963131904602052,
  "lacunarity": 2.1600993523426752,
  "lbp_r1_hist_entropy": 3.0366257789432343,
  "lbp_r1_hist_entropy_weight": 0.2,
  "melanin_hemo_slope": -0.8442381511798377,
  "ngtdm_coarseness": 0.36653263320319823,
  "ngtdm_coarseness_weight": 0.2,
  "noise_level": 0.8638820648193359,
  "overall_quality": 0.34956151896885457,
  "pore_density_r2_mpx": 19141.83407173636,
  "pore_eccentricity_mean": 0.7905666410990382,
  "pore_eccentricity_mean_weight": 0.2,
  "q_jpeg_blockiness": 1.9963131904602052,
  "q_laplacian_var": 40.69015884399414,
  "q_noise_sigma": 0.8638820648193359,
  "q_tenengrad": 29.927021026611328,
  "seam_score": 0.1000411692863065,
  "shannon_entropy_q32": 4.642835801988669,
  "shannon_entropy_q32_weight": 0.2,
  "sharpness_score": 40.69015884399414,
  "spectral_slope_beta": 3.157995209884421,
  "specular_dispersion": 0.0,
  "specular_elongation": 1.0,
  "specular_elongation_weight": 0.2,
  "specular_sharpness": 0.0,
  "sss_index": -0.24869654754385398,
  "texture_noise_sigma": 0.8638820648193359,
  "texture_unreliable": 0.0,
  "tv_residual_sparsity": 0.7499268882945613,
  "wld_joint_entropy": 6.321240215790484
}