{
  "autocorr_decay_len": 25.0,
  "bimodality_ashman_D": 2.912327109099802,
  "dwt_haar_HH_LL_ratio": 0.0,
  "dwt_haar_HH_LL_ratio_weight": 0.2,
  "edge_tortuosity_mean": 1.0297406373116536,
  "fft_high_low_ratio": 0.059152336378658125,
  "gabor_f08_anisotropy": 7.147847663702332,
  "gabor_f08_anisotropy_weight": 0.2,
  "glcm_diss_d3_aniso": 0.15610235174965403,
  "glrlm_sre": 0.3660049306480868,
  "glrlm_sre_weight": 0.2,
  "glszm_small_area_emphasis": 0.3961193899840624,
  "hemoglobin_od_std": 0.07702361616063089,
  "jpeg_blockiness": 1.9624716758728027,
  "lacunarity": 2.4776591732245956,
  "lbp_r1_hist_entropy": 3.1465573615451894,
  "lbp_r1_hist_entropy_weight": 0.2,
  "melanin_hemo_slope": -1.9573064994982456,
  "ngtdm_coarseness": 0.27101783184480466,
  "ngtdm_coarseness_weight": 0.2,
  "noise_level": 1.0496556758880615,
  "overall_quality": 0.38041092025211876,
  "pore_density_r2_mpx": 17616.466451801934,
  "pore_eccentricity_mean": 0.8424210175748318,
  "pore_eccentricity_mean_weight": 0.2,
  "q_jpeg_blockiness": 1.9624716758728027,
  "q_laplacian_var": 63.86283493041992,
  "q_noise_sigma": 1.0496556758880615,
  "q_tenengrad": 28.51418113708496,
  "seam_score": 0.29960417190874183,
  "shannon_entropy_q32": 4.9746552844654595,
  "shannon_entropy_q32_weight": 0.2,
  "sharpness_score": 63.86283493041992,
  "spectral_slope_beta": 3.079840992739986,
  "specular_dispersion": 0.0,
  "specular_elongation": 1.0,
  "specular_elongation_weight": 0.2,
  "specular_sharpness": 0.0,
  "sss_index": -0.190231945754916,
  "texture_noise_sigma": 1.0496556758880615,
  "texture_real_prob": 0.02368914522472032,
  "texture_silicone_prob": 0.9763108547752797,
  "texture_skin_confidence": 0.9763108547752797,
  "texture_unreliable": 0.0,
  "tv_residual_sparsity": 0.7736931720208862,
  "wld_joint_entropy": 6.131532138848135
}