{
  "autocorr_decay_len": 34.0,
  "bimodality_ashman_D": 3.2899144213278064,
  "dwt_haar_HH_LL_ratio": 0.0,
  "dwt_haar_HH_LL_ratio_weight": 0.2,
  "edge_tortuosity_mean": 1.0131565913718859,
  "fft_high_low_ratio": 0.03948561224745386,
  "gabor_f08_anisotropy": 5.664574693759417,
  "gabor_f08_anisotropy_weight": 0.2,
  "glcm_diss_d3_aniso": 0.04259721744876663,
  "glrlm_sre": 0.32721386342751113,
  "glrlm_sre_weight": 0.2,
  "glszm_small_area_emphasis": 0.36222415423573695,
  "hemoglobin_od_std": 0.06894865308059846,
  "jpeg_blockiness": 1.83713960647583,
  "lacunarity": 2.251831945076008,
  "lbp_r1_hist_entropy": 3.1222697646168127,
  "lbp_r1_hist_entropy_weight": 0.2,
  "melanin_hemo_slope": 0.6041641941820124,
  "ngtdm_coarseness": 0.3898948820516663,
  "ngtdm_coarseness_weight": 0.2,
  "noise_level": 0.8643726706504822,
  "overall_quality": 0.3515224642276764,
  "pore_density_r2_mpx": 20397.489539748953,
  "pore_eccentricity_mean": 0.8087398985889394,
  "pore_eccentricity_mean_weight": 0.2,
  "q_jpeg_blockiness": 1.83713960647583,
  "q_laplacian_var": 42.09383773803711,
  "q_noise_sigma": 0.8643726706504822,
  "q_tenengrad": 24.162282943725586,
  "seam_score": 0.007178133141452905,
  "shannon_entropy_q32": 4.639008522373338,
  "shannon_entropy_q32_weight": 0.2,
  "sharpness_score": 42.09383773803711,
  "spectral_slope_beta": 3.05210799149713,
  "specular_dispersion": 0.0,
  "specular_elongation": 5.2197048633823195,
  "specular_elongation_weight": 0.2,
  "specular_sharpness": 0.0,
  "sss_index": -0.050985438105714834,
  "texture_noise_sigma": 0.8643726706504822,
  "texture_real_prob": 0.02619592175924257,
  "texture_silicone_prob": 0.9738040782407574,
  "texture_skin_confidence": 0.9738040782407574,
  "texture_unreliable": 0.0,
  "tv_residual_sparsity": 0.7626418384802898,
  "wld_joint_entropy": 6.147279744811106
}