{
  "autocorr_decay_len": 27.0,
  "bimodality_ashman_D": 3.2075353226666983,
  "dwt_haar_HH_LL_ratio": 0.0,
  "dwt_haar_HH_LL_ratio_weight": 0.2,
  "edge_tortuosity_mean": 1.0326599188203756,
  "fft_high_low_ratio": 0.03528759127627631,
  "gabor_f08_anisotropy": 3.474276955968115,
  "gabor_f08_anisotropy_weight": 0.2,
  "glcm_diss_d3_aniso": 0.02542877279536873,
  "glrlm_sre": 0.4320426678202502,
  "glrlm_sre_weight": 0.2,
  "glszm_small_area_emphasis": 0.4446333487476606,
  "hemoglobin_od_std": 0.08981911223361792,
  "jpeg_blockiness": 1.6895735740661622,
  "lacunarity": 1.8951265169997393,
  "lbp_r1_hist_entropy": 3.264986202091707,
  "lbp_r1_hist_entropy_weight": 0.2,
  "melanin_hemo_slope": -0.3808012276263941,
  "ngtdm_coarseness": 0.21265168689498978,
  "ngtdm_coarseness_weight": 0.2,
  "noise_level": 1.2248679399490356,
  "overall_quality": 0.4431749509130205,
  "pore_density_r2_mpx": 28756.6349944284,
  "pore_eccentricity_mean": 0.8118943778631222,
  "pore_eccentricity_mean_weight": 0.2,
  "q_jpeg_blockiness": 1.6895735740661622,
  "q_laplacian_var": 109.76701354980469,
  "q_noise_sigma": 1.2248679399490356,
  "q_tenengrad": 29.657461166381836,
  "seam_score": 0.016676380795634573,
  "shannon_entropy_q32": 4.960925214022167,
  "shannon_entropy_q32_weight": 0.2,
  "sharpness_score": 109.76701354980469,
  "spectral_slope_beta": 2.668207792728499,
  "specular_dispersion": 0.0,
  "specular_elongation": 1.0,
  "specular_elongation_weight": 0.2,
  "specular_sharpness": 0.0,
  "sss_index": 0.17555670970967224,
  "texture_noise_sigma": 1.2248679399490356,
  "texture_real_prob": 0.3121616058409131,
  "texture_silicone_prob": 0.6878383941590869,
  "texture_skin_confidence": 0.6878383941590869,
  "texture_unreliable": 0.0,
  "tv_residual_sparsity": 0.7949551777445802,
  "wld_joint_entropy": 6.399734308879555
}