{
  "autocorr_decay_len": 16.0,
  "bimodality_ashman_D": 3.055438865205243,
  "dwt_haar_HH_LL_ratio": 0.0,
  "edge_tortuosity_mean": 1.0174906094835912,
  "fft_high_low_ratio": 0.17210950689716534,
  "gabor_f08_anisotropy": 5.811437674122334,
  "glcm_diss_d3_aniso": 0.0814412227058895,
  "glrlm_sre": 0.568344160786486,
  "glszm_small_area_emphasis": 0.5477978310061207,
  "hemoglobin_od_std": 0.08137431551872908,
  "jpeg_blockiness": 2.009139633178711,
  "lacunarity": 1.8072252874213153,
  "lbp_r1_hist_entropy": 3.264032750572523,
  "melanin_hemo_slope": 1.028664423724022,
  "ngtdm_coarseness": 0.13607471437651045,
  "noise_level": 2.4371697902679443,
  "overall_quality": 0.7016269226891654,
  "pore_density_r2_mpx": 41042.65288085523,
  "pore_eccentricity_mean": 0.8357871069809809,
  "q_jpeg_blockiness": 2.009139633178711,
  "q_laplacian_var": 301.7978210449219,
  "q_noise_sigma": 2.4371697902679443,
  "q_tenengrad": 36.23994445800781,
  "seam_score": 0.006402397856366471,
  "shannon_entropy_q32": 4.9470143024348605,
  "sharpness_score": 301.7978210449219,
  "spectral_slope_beta": 2.2028569986270417,
  "specular_dispersion": 0.0,
  "specular_elongation": 1.0,
  "specular_sharpness": 0.0,
  "sss_index": 0.10628539244197528,
  "texture_noise_sigma": 2.4371697902679443,
  "texture_real_prob": 0.9928865501890922,
  "texture_silicone_prob": 0.007113449810907741,
  "texture_skin_confidence": 0.9928865501890922,
  "texture_unreliable": 0.0,
  "tv_residual_sparsity": 0.8282802646872955,
  "wld_joint_entropy": 6.516223025623342
}