{
  "autocorr_decay_len": 21.0,
  "bimodality_ashman_D": 2.581788259504287,
  "dwt_haar_HH_LL_ratio": 0.0009222519467371094,
  "edge_tortuosity_mean": 1.0262498283875583,
  "fft_high_low_ratio": 0.1054272551467945,
  "gabor_f08_anisotropy": 4.305383277425154,
  "glcm_diss_d3_aniso": 0.05611734353286798,
  "glrlm_sre": 0.5286257899015248,
  "glszm_small_area_emphasis": 0.5824881830695353,
  "hemoglobin_od_std": 0.05057065150179252,
  "jpeg_blockiness": 1.8766037940979003,
  "lacunarity": 2.1140325584327204,
  "lbp_r1_hist_entropy": 3.2650933806634925,
  "melanin_hemo_slope": -0.2934805201099321,
  "ngtdm_coarseness": 0.16095579260690268,
  "noise_level": 2.0774953365325928,
  "overall_quality": 0.6021516220910208,
  "pore_density_r2_mpx": 39420.59239082011,
  "pore_eccentricity_mean": 0.8536271389236236,
  "q_jpeg_blockiness": 1.8766037940979003,
  "q_laplacian_var": 228.5419464111328,
  "q_noise_sigma": 2.0774953365325928,
  "q_tenengrad": 33.413421630859375,
  "seam_score": 0.006975061899493303,
  "shannon_entropy_q32": 4.827061192155217,
  "sharpness_score": 228.5419464111328,
  "spectral_slope_beta": 2.4928974821975465,
  "specular_dispersion": 0.0,
  "specular_elongation": 1.8375021285829944,
  "specular_sharpness": 0.0,
  "sss_index": 0.20811110437994662,
  "texture_noise_sigma": 2.0774953365325928,
  "texture_unreliable": 0.0,
  "tv_residual_sparsity": 0.8202882543913259,
  "wld_joint_entropy": 6.261479980232005
}