{
  "autocorr_decay_len": 19.0,
  "bimodality_ashman_D": 2.855817799531202,
  "dwt_haar_HH_LL_ratio": 0.0,
  "edge_tortuosity_mean": 1.0976214483577051,
  "fft_high_low_ratio": 0.27123511469506206,
  "gabor_f08_anisotropy": 2.69461561948525,
  "glcm_diss_d3_aniso": 0.10641915158056944,
  "glrlm_sre": 0.4827839975073131,
  "glszm_small_area_emphasis": 0.4294094384160303,
  "hemoglobin_od_std": 0.060780285887726125,
  "jpeg_blockiness": 1.7848264217376708,
  "lacunarity": 1.9640546970682873,
  "lbp_r1_hist_entropy": 3.2634179063261155,
  "melanin_hemo_slope": 1.5151118708441853,
  "ngtdm_coarseness": 0.1976260420933782,
  "noise_level": 1.7437641620635986,
  "overall_quality": 0.5037717483792986,
  "pore_density_r2_mpx": 24426.571343461423,
  "pore_eccentricity_mean": 0.8408041267861216,
  "q_jpeg_blockiness": 1.7848264217376708,
  "q_laplacian_var": 156.22735595703125,
  "q_noise_sigma": 1.7437641620635986,
  "q_tenengrad": 33.156131744384766,
  "seam_score": 0.04751424868877551,
  "shannon_entropy_q32": 4.926800164131118,
  "sharpness_score": 156.22735595703125,
  "spectral_slope_beta": 2.4007041985472832,
  "specular_dispersion": 0.0,
  "specular_elongation": 11.647884326680929,
  "specular_sharpness": 0.0,
  "sss_index": 0.03117329155422617,
  "texture_noise_sigma": 1.7437641620635986,
  "texture_real_prob": 0.8570795080942791,
  "texture_silicone_prob": 0.14292049190572087,
  "texture_skin_confidence": 0.8570795080942791,
  "texture_unreliable": 0.0,
  "tv_residual_sparsity": 0.8105383111355291,
  "wld_joint_entropy": 5.6313780048438735
}