{
  "autocorr_decay_len": 27.0,
  "bimodality_ashman_D": 2.5191662948509292,
  "dwt_haar_HH_LL_ratio": 0.0015334586758048083,
  "edge_tortuosity_mean": 1.134765919691737,
  "fft_high_low_ratio": 0.2248315108729742,
  "gabor_f08_anisotropy": 3.722994000886752,
  "glcm_diss_d3_aniso": 0.04182959481707323,
  "glrlm_sre": 0.6220541138169539,
  "glszm_small_area_emphasis": 0.516231622231721,
  "hemoglobin_od_std": 0.08675773060795938,
  "jpeg_blockiness": 1.829249095916748,
  "lacunarity": 1.6835734475612352,
  "lbp_r1_hist_entropy": 3.2551611294500784,
  "melanin_hemo_slope": -0.8601688455978552,
  "ngtdm_coarseness": 0.11833672117465964,
  "noise_level": 2.7412264347076416,
  "overall_quality": 0.7694612990515572,
  "pore_density_r2_mpx": 44399.48634700652,
  "pore_eccentricity_mean": 0.8510316615777311,
  "q_jpeg_blockiness": 1.829249095916748,
  "q_laplacian_var": 352.1125183105469,
  "q_noise_sigma": 2.7412264347076416,
  "q_tenengrad": 37.23645782470703,
  "seam_score": 0.01245179783874245,
  "shannon_entropy_q32": 4.746002145479688,
  "sharpness_score": 352.1125183105469,
  "spectral_slope_beta": 1.9462058176891839,
  "specular_dispersion": 0.0,
  "specular_elongation": 1.0,
  "specular_sharpness": 0.0,
  "sss_index": -0.009998048600722838,
  "texture_noise_sigma": 2.7412264347076416,
  "texture_unreliable": 0.0,
  "tv_residual_sparsity": 0.841909978863356,
  "wld_joint_entropy": 6.53929212143426
}