{
  "autocorr_decay_len": 25.0,
  "bimodality_ashman_D": 2.97807118807142,
  "dwt_haar_HH_LL_ratio": 0.0006405736071781242,
  "dwt_haar_HH_LL_ratio_weight": 0.2,
  "edge_tortuosity_mean": 1.0017772888020482,
  "fft_high_low_ratio": 0.07023433868692469,
  "gabor_f08_anisotropy": 4.8149107386580114,
  "gabor_f08_anisotropy_weight": 0.2,
  "glcm_diss_d3_aniso": 0.06905194222043662,
  "glrlm_sre": 0.40909587621398075,
  "glrlm_sre_weight": 0.2,
  "glszm_small_area_emphasis": 0.4745866117772947,
  "hemoglobin_od_std": 0.06635704853160415,
  "jpeg_blockiness": 1.6974981307983399,
  "lacunarity": 1.883390570143413,
  "lbp_r1_hist_entropy": 3.264714102701049,
  "lbp_r1_hist_entropy_weight": 0.2,
  "melanin_hemo_slope": 1.1896178516549414,
  "ngtdm_coarseness": 0.23903586828248574,
  "ngtdm_coarseness_weight": 0.2,
  "noise_level": 1.1713207960128784,
  "overall_quality": 0.41569318546567646,
  "pore_density_r2_mpx": 31821.525505415622,
  "pore_eccentricity_mean": 0.8497830087607081,
  "pore_eccentricity_mean_weight": 0.2,
  "q_jpeg_blockiness": 1.6974981307983399,
  "q_laplacian_var": 89.80934143066406,
  "q_noise_sigma": 1.1713207960128784,
  "q_tenengrad": 25.259389877319336,
  "seam_score": 0.03648587472063969,
  "shannon_entropy_q32": 5.018875299666832,
  "shannon_entropy_q32_weight": 0.2,
  "sharpness_score": 89.80934143066406,
  "spectral_slope_beta": 2.5745506284292716,
  "specular_dispersion": 0.0,
  "specular_elongation": 2.498933994622134,
  "specular_elongation_weight": 0.2,
  "specular_sharpness": 0.0,
  "sss_index": 0.024314506556275983,
  "texture_noise_sigma": 1.1713207960128784,
  "texture_unreliable": 0.0,
  "tv_residual_sparsity": 0.7939710876437258,
  "wld_joint_entropy": 6.147860639240031
}