{
  "autocorr_decay_len": 25.0,
  "bimodality_ashman_D": 3.310022931139641,
  "dwt_haar_HH_LL_ratio": 0.0006261063487686255,
  "dwt_haar_HH_LL_ratio_weight": 0.2,
  "edge_tortuosity_mean": 0.9969520876668508,
  "fft_high_low_ratio": 0.06531049423135435,
  "gabor_f08_anisotropy": 5.58041011676937,
  "gabor_f08_anisotropy_weight": 0.2,
  "glcm_diss_d3_aniso": 0.08235292111689048,
  "glrlm_sre": 0.31010931691431154,
  "glrlm_sre_weight": 0.2,
  "glszm_small_area_emphasis": 0.4135652760532508,
  "hemoglobin_od_std": 0.15319095366295282,
  "jpeg_blockiness": 1.8650452613830566,
  "lacunarity": 1.8841932264511847,
  "lbp_r1_hist_entropy": 3.1749474320786426,
  "lbp_r1_hist_entropy_weight": 0.2,
  "melanin_hemo_slope": -2.118233539215561,
  "ngtdm_coarseness": 0.3030705880709018,
  "ngtdm_coarseness_weight": 0.2,
  "noise_level": 0.9540990591049194,
  "overall_quality": 0.37522097962243217,
  "pore_density_r2_mpx": 28019.58991445069,
  "pore_eccentricity_mean": 0.7798006131220698,
  "pore_eccentricity_mean_weight": 0.2,
  "q_jpeg_blockiness": 1.8650452613830566,
  "q_laplacian_var": 59.57069396972656,
  "q_noise_sigma": 0.9540990591049194,
  "q_tenengrad": 30.165637969970703,
  "seam_score": 0.004275109874880056,
  "shannon_entropy_q32": 5.044596039194744,
  "shannon_entropy_q32_weight": 0.2,
  "sharpness_score": 59.57069396972656,
  "spectral_slope_beta": 3.018976995734042,
  "specular_dispersion": 0.0,
  "specular_elongation": 2.0270042771747976,
  "specular_elongation_weight": 0.2,
  "specular_sharpness": 0.0,
  "sss_index": 0.26338719237772673,
  "texture_noise_sigma": 0.9540990591049194,
  "texture_real_prob": 0.5,
  "texture_silicone_prob": 0.5,
  "texture_skin_confidence": 0.0,
  "texture_unreliable": 0.0,
  "tv_residual_sparsity": 0.7601844830296628,
  "wld_joint_entropy": 5.899526540451164
}